SET NAMES utf8;
SET foreign_key_checks = 0;
SET time_zone = '+00:00';
SET sql_mode = 'NO_AUTO_VALUE_ON_ZERO';

INSERT INTO `user` (`id`, `account_id`, `password`, `name`, `nick`, `b2b_id`, `date_logged`, `date_registered`, `account`, `userInfo`, `hash`, `zoomsphereEmail`, `googleAccountId`, `facebookAccountId`, `token`, `tariff`, `date_paid`, `tariff_charts`, `tariff_engagement_console`, `tariff_monitoring`, `tariff_publisher`, `tariff_contacts`, `tariff_social_inbox`, `tariff_whitelabel`, `period_check`, `whitelabel_user_id`, `company_id`, `demo`, `email`, `status`, `apitoken`, `country`, `timezone`, `about`, `signature`, `company`, `position`, `image_big`, `image_square`, `state`, `role`) VALUES
(3,	'735432345',	'a60103bafa8ae85b834060f79960c8ab91ab8278',	'Jakub Mach', NULL,	NULL,	'2016-02-01 11:35:32',	'2012-04-30 14:08:50',	'zoomsphere',	'{\"timezone\":{\"name\":\"Prague\"},\"email\":\"jmach@micromedia.cz\",\"country\":\"cz\",\"b2b_position\":\"CEO\",\"about_me\":\"CEO at ZoomSphere.com\",\"b2b_name\":\"MicroMedia s.r.o.\",\"signature\":\"(Jakub)\",\"image_big\":\"http://test.zoomsphere.com/files/userProfile/3_pb.jpg\",\"image_square\":\"http://test.zoomsphere.com/files/userProfile/3_ps.jpg\"}',	NULL,	NULL,	1,	1,	'5c72d901cfa07a4a790d',	'profi',	'2035-03-12 00:00:00',	'2023-02-21 14:37:57',	NULL,	NULL,	NULL,	NULL,	NULL,	NULL,	'2012-08-08 10:38:51',	NULL,	NULL,	NULL,	'jakub@zoomsphere.com',	1,	'c28a766b-967e-44e4-835e-490bb701f337',	'cz',	'Prague',	'CEO at ZoomSphere.com',	'(Jakub)',	'MicroMedia s.r.o.',	'CEO',	'http://test.zoomsphere.com/files/userProfile/3_pb.jpg',	'http://test.zoomsphere.com/files/userProfile/3_ps.jpg', 'uncompleted',	NULL),
(11,NULL,'a60103bafa8ae85b834060f79960c8ab91ab8278','Merry Perry',NULL,NULL,'2016-06-22 14:17:50','2016-06-22 07:59:41','zoomsphere',NULL,'c7c5281213',NULL,NULL,NULL,NULL,NULL,NULL,NULL,NULL,NULL,NULL,NULL,NULL,NULL,NULL,NULL,NULL,'2016-06-29 07:59:40','zs2.merry.perry@gmail.com',1,'1367119a-7748-452b-826a-a32c372edbf1','cz','Prague',NULL,NULL,NULL,NULL,'http://www.zoomsphere.com/img/anonym.gif','http://www.zoomsphere.com/img/anonym.gif','unconfirmed email',NULL),
(12,NULL,'a60103bafa8ae85b834060f79960c8ab91ab8278','Justin Time',NULL,NULL,NULL,'2016-06-22 08:07:55','zoomsphere','{\"modules\":{\"crm\":0,\"report\":0,\"create_module\":0}}',NULL,NULL,NULL,NULL,NULL,NULL,NULL,NULL,NULL,NULL,NULL,NULL,NULL,NULL,NULL,NULL,NULL,NULL,'zs2.justin.time@gmail.com',1,'104d4520-c7fe-4c2b-ace2-50daf022d382','cz','Prague',NULL,NULL,'ZS2','kmán','http://www.zoomsphere.com/img/anonym.gif','http://www.zoomsphere.com/img/anonym.gif','completed',NULL),
(13,NULL,'a60103bafa8ae85b834060f79960c8ab91ab8278','Will Care',NULL,NULL,NULL,'2016-06-22 08:12:08','zoomsphere','{\"modules\":{\"crm\":0,\"report\":0,\"create_module\":0}}',NULL,NULL,NULL,NULL,NULL,NULL,NULL,NULL,NULL,NULL,NULL,NULL,NULL,NULL,NULL,NULL,NULL,NULL,'buyib@top1post.ru',1,'1a7cab74-517a-4dc3-ac7c-24e067de3560','cz','Prague',NULL,NULL,'ZS2','kmán','http://www.zoomsphere.com/img/anonym.gif','http://www.zoomsphere.com/img/anonym.gif','completed',NULL),
(14,NULL,'a60103bafa8ae85b834060f79960c8ab91ab8278','Bill Toohigh',NULL,NULL,NULL,'2016-06-22 08:15:02','zoomsphere','{\"modules\":{\"crm\":0,\"report\":0,\"create_module\":0}}',NULL,NULL,NULL,NULL,NULL,NULL,NULL,NULL,NULL,NULL,NULL,NULL,NULL,NULL,NULL,NULL,NULL,NULL,'jeraw@top1post.ru',1,'a1245afc-8a5f-40e2-9911-b19c0e7d12cd','cz','Prague',NULL,NULL,'ZS2','kmán','http://www.zoomsphere.com/img/anonym.gif','http://www.zoomsphere.com/img/anonym.gif','completed',NULL),
(19,	NULL,	'a60103bafa8ae85b834060f79960c8ab91ab8278',	'Tomáš Marný', 'marny',	39,	'0000-00-00 00:00:00',	'2011-11-11 12:36:10',	'zoomsphere',	'{\"timezone\":{\"name\":\"Prague\"},\"email\":\"tom@zoomsphere.com\",\"country\":\"do\",\"b2b_position\":\"CEO HH\",\"about_me\":\"CEO at ZoomSphere.com\",\"b2b_name\":\"MicroMedia s.r.o.\",\"signature\":\"(JakubM)\",\"image_big\":\"http://test.zoomsphere.com/files/userProfile/3_pb.jpg\",\"image_square\":\"http://test.zoomsphere.com/files/userProfile/3_ps.jpg\"}',	'',	NULL,	NULL,	NULL,	NULL,	'profi',	'2035-03-12 00:00:00',	NULL,	NULL,	NULL,	NULL,	NULL,	NULL,	NULL,	NULL,	NULL,	NULL,	NULL,	'tom@zoomsphere.com',	1,	'fba1e5cd-2aaa-450b-a13b-179869b535bd',	'cz',	'Prague',	'o mne',	'sig',	'company',	'pozice',	'http://test.zoomsphere.com/files/userProfile/3_pb.jpg\\\",\\\"image_square\\\":\\\"http://test.zoomsphere.com/files/userProfile/3_ps.jpg',	'http://test.zoomsphere.com/files/userProfile/3_ps.jpg', 'uncompleted',	'root'),
(20,	NULL,	'a60103bafa8ae85b834060f79960c8ab91ab8278',	'Test Test', 'test',	39,	'0000-00-00 00:00:00',	'2011-11-11 12:36:10',	'zoomsphere',	'{\"timezone\":{\"name\":\"Prague\"},\"email\":\"test@dev.com\",\"country\":\"do\",\"b2b_position\":\"CEO HH\",\"about_me\":\"dev\",\"b2b_name\":\"MicroMedia s.r.o.\",\"signature\":\"(JakubM)\",\"image_big\":\"http://test.zoomsphere.com/files/userProfile/3_pb.jpg\",\"image_square\":\"http://test.zoomsphere.com/files/userProfile/3_ps.jpg\"}',	'',	NULL,	NULL,	NULL,	NULL,	NULL,	NULL,	NULL,	NULL,	NULL,	NULL,	NULL,	NULL,	NULL,	NULL,	NULL,	NULL,	NULL,	'test@dev.com',	1,	'aba1e5cd-3aaa-450c-b13b-779869b535ba',	'cz',	'Prague',	'o mne',	'sig',	'company',	'pozice',	'http://test.zoomsphere.com/files/userProfile/3_pb.jpg\\\",\\\"image_square\\\":\\\"http://test.zoomsphere.com/files/userProfile/3_ps.jpg',	'http://test.zoomsphere.com/files/userProfile/3_ps.jpg', 'uncompleted',	NULL),
(40,	'4888204685',	'82f8809f42d911d1bd5199021d69d15ea91d1fad',	'Tomas Cerny', NULL,	NULL,	'2016-03-11 11:36:48',	'2016-03-11 11:36:48',	'zoomsphere',	NULL,	NULL,	NULL,	NULL,	NULL,	NULL,	'profi',	'2035-03-12 00:00:00',	NULL,	NULL,	NULL,	NULL,	NULL,	NULL,	NULL,	NULL,	NULL,	NULL,	NULL,	'socialtestaccount@zoomsphere.com',	1,	'6bce14ed-1db3-4ef9-98bd-3903eeac276d',	NULL,	NULL,	NULL,	NULL,	NULL,	NULL,	'https://abs.twimg.com/sticky/default_profile_images/default_profile_0_normal.png',	'https://abs.twimg.com/sticky/default_profile_images/default_profile_0_normal.png', 'uncompleted',	'root');

INSERT INTO `user_account` (`id`, `user_id`, `account_id`, `account`, `name`, `accountInfo`, `last_update`, `expires`, `invalid`, `last_used`, `image`, `access_token`) VALUES
(101,	19,	'100003116523942',	'facebook',	'Martin Zdražil',	'{\"image\":\"http:\\/\\/www.zoomsphere.com\\/files\\/userProfile\\/fb_100003116523942.jpg\",\"access_token\":\"AAAGZA0PxJjEcBACRLfTx9PnFhQZBurpMBthVLPW4Fdwkv9lHpSH0wwmZAKgmAmwx8zZCZBsBXwuhbO0o3XthIhZBLVOQD3r6GU6mZAxoLTJiwZDZD\"}',	'2016-03-03 17:11:17',	'2017-10-17 23:35:22',	NULL,	'2013-12-13 14:08:27',	'http://www.zoomsphere.com/files/userProfile/fb_100003116523942.jpg',	'{\"access_token\":\"EAABfnflzBJ4BADUwiqZBcWHJT8A8l2xZAH0ZBJ8xySAAycRadUga3qu3WyAIosy7QYZCD7h7OQTQDvDwcCuqZAOraHRsvDSLEMPyZACp0f6CY3xXZCibaKO4bIVTNgpHBLkoR0ZAl0VEztXNvRCdykqLOZBkSlIJdRJzLNHZAqrw0ykQZDZD\",\"token_type\":\"bearer\",\"expires_in\":5184000}'),
(105,	19,	'129446624',	'twitter',	'MZdrazil',	'{\"image\":\"http:\\/\\/www.zoomsphere.com\\/files\\/userProfile\\/twitter_129446624.jpg\",\"access_token\":{\"oauth_token\":\"129446624-NwhdXiLnvVBFp5kCkMuJ9eFP4MTVimuELih0ef5C\",\"oauth_token_secret\":\"3mn591050VVaCHOQI8IFVgRDs8MeXXLmlbLYOV0bo\"}}',	'2016-03-03 17:11:17',	NULL,	1,	'2013-12-14 22:42:32',	'http://www.zoomsphere.com/files/userProfile/twitter_129446624.jpg',	'{\"oauth_token\":\"4888204685-Z2ZHGaxQAW5abYSuyYGkd7HOnZf9GeIplu16tJ7\",\"oauth_token_secret\":\"oVvvrODuc4H6TfXlWD7yzRYKEPabarrM1AoXaomUM9Ugw\"}'),
(194,	3,	'16448307',	'twitter',	'micromediacz',	'{\"image\":\"http:\\/\\/www.zoomsphere.com\\/files\\/userProfile\\/twitter_16448307.png\",\"access_token\":{\"oauth_token\":\"16448307-WxxovlD0y1fiNvCErTZXi75GES4eJ3tdW5uyoMp5g\",\"oauth_token_secret\":\"GyOXlRpZTLkQW7O3xqes4957nGzNgPKmi3PTic7pKw\"}}',	'2016-03-03 17:11:21',	NULL,	NULL,	'2016-02-01 10:56:44',	'http://www.zoomsphere.com/files/userProfile/twitter_16448307.png',	'{\"oauth_token\":\"4888204685-Z2ZHGaxQAW5abYSuyYGkd7HOnZf9GeIplu16tJ7\",\"oauth_token_secret\":\"oVvvrODuc4H6TfXlWD7yzRYKEPabarrM1AoXaomUM9Ugw\"}'),
(5298,	3,	'322580841',	'twitter',	'ZoomSphere',	'{\"image\":\"http:\\/\\/www.zoomsphere.com\\/files\\/userProfile\\/twitter_322580841.png\",\"access_token\":{\"oauth_token\":\"322580841-LWCnNC9mn9FgHgrbDTqc4uHzmu3uyXAIGuY7my7I\",\"oauth_token_secret\":\"lhBXPBXbrLgXGjqxG7bHHblbMTGtpUZEtTJg60gkc\"}}',	'2016-03-03 17:11:37',	NULL,	NULL,	'2016-02-01 11:45:55',	'http://www.zoomsphere.com/files/userProfile/twitter_322580841.png',	'{\"oauth_token\":\"4888204685-Z2ZHGaxQAW5abYSuyYGkd7HOnZf9GeIplu16tJ7\",\"oauth_token_secret\":\"oVvvrODuc4H6TfXlWD7yzRYKEPabarrM1AoXaomUM9Ugw\"}'),
(9441,	3,	'1243353548',	'twitter',	'MachJakub',	'{\"image\":\"http:\\/\\/www.zoomsphere.com\\/files\\/userProfile\\/twitter_1243353548.png\",\"access_token\":{\"oauth_token\":\"1243353548-34k7QsoztLFnH5DOrLZ2p1NWJHhIcdij2uVtXy8\",\"oauth_token_secret\":\"x6UuxJoDNyCJdwQxazdqq3KjIS35VHUw90uAVVepfwk\"}}',	'2016-03-03 17:11:48',	NULL,	NULL,	'2016-02-01 11:49:23',	'http://www.zoomsphere.com/files/userProfile/twitter_1243353548.png',	'{\"oauth_token\":\"4888204685-Z2ZHGaxQAW5abYSuyYGkd7HOnZf9GeIplu16tJ7\",\"oauth_token_secret\":\"oVvvrODuc4H6TfXlWD7yzRYKEPabarrM1AoXaomUM9Ugw\"}'),
(9644,	3,	'1312252009',	'twitter',	'ZoomSphereBR',	'{\"image\":\"http:\\/\\/www.zoomsphere.com\\/files\\/userProfile\\/twitter_1312252009.png\",\"access_token\":{\"oauth_token\":\"1312252009-K4jQg9Dv91qubZX2x7ZdvAbv6fRWxcwfF82w1HB\",\"oauth_token_secret\":\"tA7TJTCcO9YkuOfk4IfInPkfNwxi5FzZZzuPAmMg4U\"}}',	'2016-03-03 17:11:48',	NULL,	NULL,	'2016-02-01 11:35:17',	'http://www.zoomsphere.com/files/userProfile/twitter_1312252009.png',	'{\"oauth_token\":\"4888204685-Z2ZHGaxQAW5abYSuyYGkd7HOnZf9GeIplu16tJ7\",\"oauth_token_secret\":\"oVvvrODuc4H6TfXlWD7yzRYKEPabarrM1AoXaomUM9Ugw\"}'),
(48749,	3,	'17cVPeDpLF',	'linkedin',	'Jakub Mach',	'{\"access_token\":\"AQVzRolzavvic4kFfV-hVYnQR89ovSRyol8Gy27pCNm6RWt99xa8DhTuOEHL8E0qBqCOG7hHSCY_7jo_iB6VFPCMo74G1Nu-UACYsZcHiBcLWdjUBeYE7NrneSJ0Hj1iBdrf1YNoZlNFg_7wz0Nk_KNoMK1a0lIL07SaU3pbuQyxa4kWeH4\",\"image\":\"https:\\/\\/media.licdn.com\\/mpr\\/mprx\\/0_iqpxyY_OMNhN0CLCTvYuyjhGU-cn1CzCTnHhyj-GkciQ26GG7-2P-gQ2vyBWK5qmGcOTPs2BPvN3\"}',	'2016-03-03 17:12:13',	'2016-02-07 14:26:02',	NULL,	'2013-12-13 14:08:27',	'https://media.licdn.com/mpr/mprx/0_iqpxyY_OMNhN0CLCTvYuyjhGU-cn1CzCTnHhyj-GkciQ26GG7-2P-gQ2vyBWK5qmGcOTPs2BPvN3',	'\"AQVzRolzavvic4kFfV-hVYnQR89ovSRyol8Gy27pCNm6RWt99xa8DhTuOEHL8E0qBqCOG7hHSCY_7jo_iB6VFPCMo74G1Nu-UACYsZcHiBcLWdjUBeYE7NrneSJ0Hj1iBdrf1YNoZlNFg_7wz0Nk_KNoMK1a0lIL07SaU3pbuQyxa4kWeH4\"'),
(102765,	3,	'113442593617852227101',	'google',	'Jakub Mach',	'{\"token\":\"{\\\"access_token\\\":\\\"ya29.ewKK4vanX60gQAswC7I1ZDlZYSW4kC8qnypeDwh4RCm0zjlrgWumgicugCXPK5e4mDru7V4\\\",\\\"token_type\\\":\\\"Bearer\\\",\\\"expires_in\\\":3600,\\\"id_token\\\":\\\"eyJhbGciOiJSUzI1NiIsImtpZCI6IjQyZWJmNWQ2OGI2YzQ3ODQ2YTU1OTM4ZTZmMTY1NzlmYjlhZmJhZTMifQ.eyJpc3MiOiJhY2NvdW50cy5nb29nbGUuY29tIiwic3ViIjoiMTEzNDQyNTkzNjE3ODUyMjI3MTAxIiwiYXpwIjoiMTY1MjkwNDkxMjMzLWRya2RqN21lZWQ5c25wMzg0MGg0MjJkNW9jbmN1MDVyLmFwcHMuZ29vZ2xldXNlcmNvbnRlbnQuY29tIiwiYXRfaGFzaCI6IllQT0wwbjJhLVBGR21zMUZPU1ktUWciLCJhdWQiOiIxNjUyOTA0OTEyMzMtZHJrZGo3bWVlZDlzbnAzODQwaDQyMmQ1b2NuY3UwNXIuYXBwcy5nb29nbGV1c2VyY29udGVudC5jb20iLCJpYXQiOjE0MzQzODgwMzMsImV4cCI6MTQzNDM5MTYzM30.KuPLBA3zk4Fs3foh9UbfHL1MXMK1ftQMLSlXuFInGYlsJwC4f-_g9AsrxDW85xUbjZZ-m_n0Plnb3lCNVmjNg8VCNa-gvEAeo3DJJr9aOnw4mVemrCZ1CDUfPDL-AXjWzlaN-UkAzFUiTNu-tzZVEGxs82ga9Rhwb677D538M7XvMqloMpUW0WV52NowJXBZekCe5aZ7Aj9l5s-bZvWtq4ZBKyKRoY_WjkY18f08FBwgDKX2MfF511iK3y3GlUTTxO9x02C6cfQbbIegjBDgHb4rQIcxNN7Vw6AGXj94iKm8lDCIV6et-aI8E-1-VXrbk02OBtEJWOSGe3aiExc5Eg\\\",\\\"refresh_token\\\":\\\"1\\\\\\/LIAwb7UPv84gUGIayvwD43z1mJuXgHeJY3jtGrRCalo\\\",\\\"created\\\":1454322627}\",\"image\":\"https:\\/\\/lh6.googleusercontent.com\\/-X0GCEt6svHs\\/AAAAAAAAAAI\\/AAAAAAAANfo\\/H9BTj2VLrHA\\/photo.jpg?sz=50\"}',	'2016-03-03 17:20:02',	NULL,	NULL,	'2013-12-13 14:08:27',	'https://lh6.googleusercontent.com/-X0GCEt6svHs/AAAAAAAAAAI/AAAAAAAANfo/H9BTj2VLrHA/photo.jpg?sz=50',	'{\"access_token\":\"ya29.rAJ9KtwttsDaiQaQpbI4uk3_C8yOCMatx5eICu32nTXFDcjb5jZfTa5LVxN-d37TXQ\",\"token_type\":\"Bearer\",\"id_token\":\"eyJhbGciOiJSUzI1NiIsImtpZCI6ImQyMjBhOGQzYmRmYTYxNjRkMzIwZTFlMDkxMGRiMDM4MGQ0NWMwNzMifQ.eyJpc3MiOiJhY2NvdW50cy5nb29nbGUuY29tIiwiYXRfaGFzaCI6IlduaEQwcGdGRGVDbTd5amFmMGJTMVEiLCJhdWQiOiI3MzEwMDg4Njg3NTMtcGkzcmwyOWl0MDQ1MzU1ZG9hMXIwZm03NTZ1c2w1amguYXBwcy5nb29nbGV1c2VyY29udGVudC5jb20iLCJzdWIiOiIxMTgxNTExNjk4MjQ2MDAwNzY3NzQiLCJlbWFpbF92ZXJpZmllZCI6dHJ1ZSwiYXpwIjoiNzMxMDA4ODY4NzUzLXBpM3JsMjlpdDA0NTM1NWRvYTFyMGZtNzU2dXNsNWpoLmFwcHMuZ29vZ2xldXNlcmNvbnRlbnQuY29tIiwiZW1haWwiOiJrb2xhcmlrdEBnbWFpbC5jb20iLCJpYXQiOjE0NTg1NTI1MzIsImV4cCI6MTQ1ODU1NjEzMn0.t0uzidgdZlrZyy8UHmoQFX-y7qn8Csuw5ILYDrfaht3zgYSPMqANdO0kDUl8FIycCKXWhSRPyzLVEeN-ITyyNoBtsvdOcOxkVdV7nde7-tU765Bxb1ADooiYDAxZ-qZstRk5ZlZykxCBU_D9TY_DgE7lwTG6JAuSe_jstPv-OUIipdukF4HyopoaPtiD6NCmhAUDUXR5Rgmizlv1l_ihhJn6tA8iIMa1mPs2sYUcuNrFiol_sexXEnftznFpxD-4XxEe4SqSBn_kAp_JfwyNTJYn-xxFFro_Jd_homnK1J2mhIR5zaj7RPvexhgP8Adh5sCfFYwe8NSeIfRb0KiuSQ\",\"refresh_token\":\"1/l3sqI9IzYyzDooITj3Z7QwmQRqhDo4uE5cIhkbuHeeN90RDknAdJa_sgfheVM0XT\",\"expiry_date\":1458556132611}'),
(133277,	3,	'1330048429',	'instagram',	'ZoomSphere.com',	'{\"access_token\":\"1330048429.3e57d6a.d47c46e9d5344a4fa68a7fef1ffe8615\",\"image\":\"https:\\/\\/scontent.cdninstagram.com\\/hphotos-xpt1\\/t51.2885-19\\/s150x150\\/11887165_1035327926485882_1919315702_a.jpg\",\"username\":\"zoomspherecom\",\"full_name\":\"ZoomSphere.com\",\"bio\":\"See our report into Czech Agencies at the link below! Social Media Tool for Digital Agencies. Publish Schedule Collaborate Listen Compare Analyse\",\"website\":\"http:\\/\\/bit.ly\\/ZSCZAgency15\"}',	'2016-03-03 17:12:24',	NULL,	NULL,	'2013-12-13 14:08:27',	'https://scontent.cdninstagram.com/hphotos-xpt1/t51.2885-19/s150x150/11887165_1035327926485882_1919315702_a.jpg',	'{\"access_token\":\"648723728.3e57d6a.a88c63f601934cd1b9ab01b310656e77\",\"user\":{\"username\":\"zoomspherecom\",\"bio\":\"Social Media Marketing Tool for Brands & Digital Agencies. Publish Schedule Collaborate Listen Compare Analyse\",\"website\":\"http://www.zoomsphere.com\",\"profile_picture\":\"https://scontent.cdninstagram.com/t51.2885-19/s150x150/11887165_1035327926485882_1919315702_a.jpg\",\"full_name\":\"ZoomSphere.com\",\"id\":\"1330048429\"}}'),
(137749,	3,	'1507500780',	'instagram',	'Iggy Dudinský',	'{\"access_token\":\"1507500780.3e57d6a.0014fb7fc90c4468867f4e510c2aeab8\",\"image\":\"https:\\/\\/scontent.cdninstagram.com\\/hphotos-xpf1\\/t51.2885-19\\/1921961_1479244762335400_1791708834_a.jpg\",\"username\":\"iggy.dudinsky\",\"full_name\":\"Iggy Dudinsk\\u00fd\",\"bio\":\"\",\"website\":\"\"}',	'2016-03-03 17:12:25',	NULL,	NULL,	'2013-12-13 14:08:27',	'https://scontent.cdninstagram.com/hphotos-xpf1/t51.2885-19/1921961_1479244762335400_1791708834_a.jpg',	'{\"access_token\":\"648723728.3e57d6a.a88c63f601934cd1b9ab01b310656e77\",\"user\":{\"username\":\"zoomspherecom\",\"bio\":\"Social Media Marketing Tool for Brands & Digital Agencies. Publish Schedule Collaborate Listen Compare Analyse\",\"website\":\"http://www.zoomsphere.com\",\"profile_picture\":\"https://scontent.cdninstagram.com/t51.2885-19/s150x150/11887165_1035327926485882_1919315702_a.jpg\",\"full_name\":\"ZoomSphere.com\",\"id\":\"1330048429\"}}'),
(137751,	3,	'1465642518',	'instagram',	'solya',	'{\"access_token\":\"1465642518.3e57d6a.d9eebcaf75194b278b677165199cf9f6\",\"image\":\"https:\\/\\/igcdn-photos-d-a.akamaihd.net\\/hphotos-ak-xfa1\\/t51.2885-19\\/s150x150\\/12142061_672192389584259_2071136957_a.jpg\",\"username\":\"solya.orsolya\",\"full_name\":\"solya\",\"bio\":\"SocialMedia lovez ZoomSphere, ZoomSphere lovez SocialMedia \\ud83d\\ude3b\\ud83d\\udcc8\\u2b50\\ufe0fNew Business Manager\\u2b50\\ufe0f\",\"website\":\"\"}',	'2016-03-03 17:12:25',	NULL,	NULL,	'2013-12-13 14:08:27',	'https://igcdn-photos-d-a.akamaihd.net/hphotos-ak-xfa1/t51.2885-19/s150x150/12142061_672192389584259_2071136957_a.jpg',	'{\"access_token\":\"648723728.3e57d6a.a88c63f601934cd1b9ab01b310656e77\",\"user\":{\"username\":\"zoomspherecom\",\"bio\":\"Social Media Marketing Tool for Brands & Digital Agencies. Publish Schedule Collaborate Listen Compare Analyse\",\"website\":\"http://www.zoomsphere.com\",\"profile_picture\":\"https://scontent.cdninstagram.com/t51.2885-19/s150x150/11887165_1035327926485882_1919315702_a.jpg\",\"full_name\":\"ZoomSphere.com\",\"id\":\"1330048429\"}}'),
(141953,	3,	'30811149',	'instagram',	'O2 Slovensko',	'{\"access_token\":\"30811149.3e57d6a.6e8aee70295e43c3a0980fdbc222c3e7\",\"image\":\"https:\\/\\/scontent.cdninstagram.com\\/hphotos-xap1\\/t51.2885-19\\/11203179_1498623580398606_762838612_a.jpg\",\"username\":\"o2slovakia\",\"full_name\":\"O2 Slovensko\",\"bio\":\"Vitajte na ofici\\u00e1lnom Instagrame O2 Slovakia. #nikdyneprestaneme #ferovysvet\",\"website\":\"http:\\/\\/www.o2.sk\"}',	'2016-03-03 17:12:25',	NULL,	NULL,	'2013-12-13 14:08:27',	'https://scontent.cdninstagram.com/hphotos-xap1/t51.2885-19/11203179_1498623580398606_762838612_a.jpg',	'{\"access_token\":\"648723728.3e57d6a.a88c63f601934cd1b9ab01b310656e77\",\"user\":{\"username\":\"zoomspherecom\",\"bio\":\"Social Media Marketing Tool for Brands & Digital Agencies. Publish Schedule Collaborate Listen Compare Analyse\",\"website\":\"http://www.zoomsphere.com\",\"profile_picture\":\"https://scontent.cdninstagram.com/t51.2885-19/s150x150/11887165_1035327926485882_1919315702_a.jpg\",\"full_name\":\"ZoomSphere.com\",\"id\":\"1330048429\"}}'),
(141955,	3,	'2020746344',	'instagram',	'FIAT Romania',	'{\"access_token\":\"2020746344.3e57d6a.7fefe5cc07a94b11b84d59f197151bb6\",\"image\":\"https:\\/\\/scontent.cdninstagram.com\\/hphotos-xaf1\\/t51.2885-19\\/s150x150\\/11375257_1481586278825079_846027702_a.jpg\",\"username\":\"fiatromania\",\"full_name\":\"FIAT Romania\",\"bio\":\"Bun venit pe contul oficial al marcii Fiat, reprezentata in Romania de Autoitalia.\",\"website\":\"http:\\/\\/www.fiat.com.ro\"}',	'2016-03-03 17:12:25',	NULL,	NULL,	'2013-12-13 14:08:27',	'https://scontent.cdninstagram.com/hphotos-xaf1/t51.2885-19/s150x150/11375257_1481586278825079_846027702_a.jpg',	'{\"access_token\":\"648723728.3e57d6a.a88c63f601934cd1b9ab01b310656e77\",\"user\":{\"username\":\"zoomspherecom\",\"bio\":\"Social Media Marketing Tool for Brands & Digital Agencies. Publish Schedule Collaborate Listen Compare Analyse\",\"website\":\"http://www.zoomsphere.com\",\"profile_picture\":\"https://scontent.cdninstagram.com/t51.2885-19/s150x150/11887165_1035327926485882_1919315702_a.jpg\",\"full_name\":\"ZoomSphere.com\",\"id\":\"1330048429\"}}'),
(162107,	3,	'4501783157',	'twitter',	'ZoomSphereCZ',	'{\"image\":\"http:\\/\\/www.zoomsphere.com\\/files\\/userProfile\\/twitter_4501783157.png\",\"access_token\":{\"oauth_token\":\"4501783157-gZfepn62MUeNMEoLaWLnnlUvQBAtPShxdQtEVMe\",\"oauth_token_secret\":\"OtekFmRYLXvlQKLCIZsggaJrIOeGWDPH5ydx2X4dI32GT\"}}',	'2016-03-03 17:12:30',	NULL,	NULL,	'2016-02-01 10:59:10',	'http://www.zoomsphere.com/files/userProfile/twitter_4501783157.png',	'{\"oauth_token\":\"4888204685-Z2ZHGaxQAW5abYSuyYGkd7HOnZf9GeIplu16tJ7\",\"oauth_token_secret\":\"oVvvrODuc4H6TfXlWD7yzRYKEPabarrM1AoXaomUM9Ugw\"}'),
(169643,	19,	'123456',	'facebook',	'Franta Vomacka',	'{\"access_token\":\"blablabla\"}',	'2016-03-03 17:17:05',	'2017-03-03 17:17:05',	NULL,	'2013-12-13 14:08:27',	'',	'{\"access_token\":\"EAABfnflzBJ4BADUwiqZBcWHJT8A8l2xZAH0ZBJ8xySAAycRadUga3qu3WyAIosy7QYZCD7h7OQTQDvDwcCuqZAOraHRsvDSLEMPyZACp0f6CY3xXZCibaKO4bIVTNgpHBLkoR0ZAl0VEztXNvRCdykqLOZBkSlIJdRJzLNHZAqrw0ykQZDZD\",\"token_type\":\"bearer\",\"expires_in\":5184000}'),
(169691,	40,	'1553537464964326',	'facebook',	'Tomas Cerny',	NULL,	'2016-06-15 13:14:13',	'2017-03-03 17:17:05',	NULL,	'2013-12-13 15:08:27',	'https://scontent.xx.fbcdn.net/hprofile-xpa1/v/t1.0-1/p50x50/1919477_1542978369353569_5683324047209720967_n.jpg?oh=a9823937cfc8e0a6a6bef89a93f8b307&oe=578DDA72',	'{\"access_token\":\"EAABfnflzBJ4BADUwiqZBcWHJT8A8l2xZAH0ZBJ8xySAAycRadUga3qu3WyAIosy7QYZCD7h7OQTQDvDwcCuqZAOraHRsvDSLEMPyZACp0f6CY3xXZCibaKO4bIVTNgpHBLkoR0ZAl0VEztXNvRCdykqLOZBkSlIJdRJzLNHZAqrw0ykQZDZD\",\"token_type\":\"bearer\",\"expires_in\":5184000}'),
(169692,	40,	'118151169824600076774',	'google',	'Tomáš Černý',	NULL,	NULL,	NULL,	NULL,	'2013-12-13 15:08:27',	'https://lh4.googleusercontent.com/-HE-XD1PYTck/AAAAAAAAAAI/AAAAAAAAAf0/ExE1ipfQSIk/photo.jpg?sz=50',	'{\"access_token\":\"ya29.Ci9kA_eLi5uSmrPUGu8u8lP84kf1Z7B-aUZiLQH109XabT5IpzBXyQThzYOcjr-OeA\",\"token_type\":\"Bearer\",\"id_token\":\"eyJhbGciOiJSUzI1NiIsImtpZCI6ImU5MmQzZjE2NDZjOTQxOTUzM2E5ODVjODMyNDBhODBiOGMwYmIxZDAifQ.eyJpc3MiOiJhY2NvdW50cy5nb29nbGUuY29tIiwiYXRfaGFzaCI6ImdhWU5oZEQ3Y3ZRdHVqeWJVVmxBVkEiLCJhdWQiOiI3MzEwMDg4Njg3NTMtcGkzcmwyOWl0MDQ1MzU1ZG9hMXIwZm03NTZ1c2w1amguYXBwcy5nb29nbGV1c2VyY29udGVudC5jb20iLCJzdWIiOiIxMTgxNTExNjk4MjQ2MDAwNzY3NzQiLCJlbWFpbF92ZXJpZmllZCI6dHJ1ZSwiYXpwIjoiNzMxMDA4ODY4NzUzLXBpM3JsMjlpdDA0NTM1NWRvYTFyMGZtNzU2dXNsNWpoLmFwcHMuZ29vZ2xldXNlcmNvbnRlbnQuY29tIiwiZW1haWwiOiJrb2xhcmlrdEBnbWFpbC5jb20iLCJpYXQiOjE0NzQzNzEyNTQsImV4cCI6MTQ3NDM3NDg1NH0.Urc55BEjk0wcy3my7mZTp52s44BNTY4mcR3IZNP3lg41jf09RhPyQjQERHadqtssfXE_TwWUPYnDL9OhQ_eZ_NHCQFdMX2AdH0HCaJ2x8v1F1kJzGyvrMgV3xBBvReVH_DsfdeA6sEGGfrUG2FCtWhxswZqDYJSjAfIvSeViCs50i2nNMHTrP73aJOOfIRzrXb8zdAMK1cHn_xznSPc8UouzccaLuut0fPwYDtbyjUtuN-X4LLsh2Onz_etvy1ZGkf8tRSOoZXNBRaJM063sxbM9J3W6F13ucEdYsBcnSCtYTjShFi7fem95y2C8afvDYdsuE7pSf3cnpJh9-pqmiA\",\"refresh_token\":\"1/EtVcJd27Wh0x6w8CSzVeIi_d9u0xO9n-yLz2GfcNPLw\",\"expiry_date\":1474374854771}'),
(169697,	40,	'boTavkisCk',	'linkedin',	'Tomáš Kolarik',	NULL,	NULL,	NULL,	NULL,	'2013-12-13 14:08:27',	'https://media.licdn.com/mpr/mprx/0_Ywrmd88dMm8Td5H9j7oaCQVHguIy7nZUAVem2NfHJE7jo6vIcVka3iGdxEsyfLNspWHa3QTWzj8g2-NBA4zt3N85Kj8p2-ARA4zSovveUpvK6XobgW_iE3UMres25-QoZUlCSw2ley4',	'{\"access_token\":\"AQUf3wBjAmJuhDStAPuvCXEMm23Ba3SM6wtMmwVwmsLWTr3bgTc443d6_TXx3zOrfKKu4RMbpLhNh9k-DA60Cnu8oFP-ZxUI3_kIbeMAMHN_ZyMCHMa4zkMlxvSw6WfggZvVbXH41pYVtoq-m5QtCl9cwNHJ3fYV07J08Es1xm9zgJRljRI\",\"expires_in\":5183999}'),
(169698,	40,	'4888204685',	'twitter',	'Tomas Cerny',	NULL,	'2016-03-11 16:32:35',	NULL,	NULL,	'2013-12-13 15:08:27',	'https://abs.twimg.com/sticky/default_profile_images/default_profile_0_normal.png',	'{\"oauth_token\":\"4888204685-7x9SYTh6ak4tcRhxzrIiL0Pi5GmsKjoSGKBeHG5\",\"oauth_token_secret\":\"JfwaBrxernjqtrjflQSvno0SV7mGN8BoZFcubGMPFZOpA\"}'),
(169699,	40,	'3025395104',	'instagram',	'Tomas Cerny',	NULL,	NULL,	NULL,	NULL,	'2013-12-13 14:08:27',	'https://scontent.cdninstagram.com/t51.2885-19/s150x150/12797886_1045615218830137_765364309_a.jpg',	'{\"access_token\":\"648723728.3e57d6a.a88c63f601934cd1b9ab01b310656e77\",\"user\":{\"username\":\"zoomspherecom\",\"bio\":\"Social Media Marketing Tool for Brands & Digital Agencies. Publish Schedule Collaborate Listen Compare Analyse\",\"website\":\"http://www.zoomsphere.com\",\"profile_picture\":\"https://scontent.cdninstagram.com/t51.2885-19/s150x150/11887165_1035327926485882_1919315702_a.jpg\",\"full_name\":\"ZoomSphere.com\",\"id\":\"1330048429\"}}');

INSERT INTO `user_facebook_page` (`id`, `user_id`, `page_id`, `created`, `name`, `image`, `last_update`, `access_token`, `account_id`, `country`, `invalid`, `last_used`) VALUES
(85,	3,	32553695078,	'2013-02-27 09:51:49',	'MicroMedia',	'https://scontent.xx.fbcdn.net/hprofile-xpf1/t5.0-1/50416_32553695078_6621561_s.jpg',	'2016-02-29 16:52:56',	'CAAGZA0PxJjEcBABN6OESr3jbCPFf4JnPUhcUf99DHVGZBDeZC0sWPLZCH2uhnxlQgCti3StuNsjc5HZBEbvmmcozQSAFIh8xwZCq2952UrjM6OgV8BwnwgKStggkGPA3QBwGyKi79MhdCJNuBfB4NjtLKmWIL2cO6uqLneSbcVfAee6u1zodXp',	735432345,	NULL,	NULL,	'2015-10-19 12:11:06'),
(156,	3,	216991061646631,	'2013-02-27 21:47:30',	'Zoomsphere',	'https://scontent.xx.fbcdn.net/hprofile-xpt1/v/t1.0-1/p100x100/12027792_1056759294336466_231676370004916611_n.png?oh=b07e91f0cc25f1fe7e4bd85a99eaf735&oe=5766198B',	'2016-02-29 16:52:56',	'CAAGZA0PxJjEcBACUhzxtJ432b37bmlM8YazC1N47lrCWZCwhtT5uhpyeRpV4rjGWMhmH95M3UTDcJz5nZBmwZCc1y6S2ZBeiHbBdxbZBicrpbCkOWlvfUWFk711R5keIuZBrfXshsl2GF16pKXcK8r1lUBCnARhZBRMOsL3y54kYA8HleDyXQ31W',	735432345,	NULL,	NULL,	'2015-10-21 00:13:27'),
(393,	3,	595588303787593,	'2013-04-09 11:49:53',	'Zoomsphere Brasil',	'https://scontent.xx.fbcdn.net/hprofile-xat1/v/t1.0-1/p100x100/10671329_902837456396008_5519488460678965633_n.png?oh=bf88bc788805f5acedd96119ef8547fb&oe=5761C7F1',	'2016-02-29 16:52:56',	'CAAGZA0PxJjEcBABb06gAXiyAZAnEDLnTczBxoPfxyWW5NnnfD53ZCy7hPrF4CnhBNLNDAmElO0YLbwt6Ke4R01IWdAEZCOgQPoOAwtWzmIE3GyA0UjQdxDmN6yJJge6O5PBlhJsAgrYkpA76ZBXUiCZChx5AYIXudSeZAk4OJ1WfhXze9dYWtO8',	735432345,	NULL,	NULL,	'2015-10-23 12:08:11'),
(3677,	3,	144461962361499,	'2014-04-30 02:49:04',	'Grafika za babku',	'https://scontent.xx.fbcdn.net/hprofile-xfp1/v/t1.0-1/c258.35.444.444/s100x100/71421_248206431987051_697057973_n.jpg?oh=6109e0c44bf54b4f1ccc298080fd66be&oe=574FE5EF',	'2016-02-29 16:52:56',	'CAAGZA0PxJjEcBAME6TFuBSZCffwuJxhxeGp4L5oYgBDWR2FAz4fdKN5RQaO2gZBawGiU5zYOQZCbJ4ZC6WEBsFP8g0I1HFPzhZCyC6MkURsAbHq6FgLkofH7wIG5lL1L3JXiLK0lZBSkieZBZC34vcW1RenOAMnc0UUJdcw8pMACDzQmir5ugZBXet',	735432345,	NULL,	NULL,	'2015-11-21 12:03:00'),
(5257,	3,	840409735989675,	'2014-11-05 23:03:49',	'ZoomSphere Türkiye',	'https://scontent.xx.fbcdn.net/hprofile-xpt1/v/l/t1.0-1/p100x100/10624772_845767378787244_9118323379097830710_n.png?oh=66dce1fbef9ecf0e48ddd3909ee698a6&oe=57502029',	'2016-02-29 16:52:56',	'CAAGZA0PxJjEcBAG4SmQ8Yj4cPuooi18Lqx0Prm4sjKitse7LN2eMShwvyKYWKiykJtdWTvWMNdUoEZBcMMZC7p7MsrvZA7pikLY8ZAZCk0HkhvQVNHqfBnHSVlKXDiTaOcfZBahMnxtjGjpmVzqZAaJpGEIWMoRpb5NteciE1OUCQL6dsl2oRZCTS',	735432345,	NULL,	NULL,	'2015-03-04 05:11:12'),
(6115,	3,	720662508017112,	'2015-01-08 15:24:12',	'ZoomSphere Magyarország',	'https://scontent.xx.fbcdn.net/hprofile-xtp1/v/t1.0-1/p100x100/10858538_720663618017001_5886131197483214307_n.png?oh=3a9bf2ab5fd46d8d3c0e12bc4c035de5&oe=576359E6',	'2016-02-29 16:52:56',	'CAAGZA0PxJjEcBAI5jZBP6jARk5MhV0l76GwjnyjrFzj2iVNcywoRCQEa8QVL2m9ZBwTGgVZAMCPotU3mlPBufnrrR4AV4ZBtmXTiaWZBtXCCpTyAHQc5ZBGIPkikogvum7idHekbluW4XQXf7Po7F3eDjgoImRSGcrCCaGQ3XRUnPFtbHnAzC4n',	735432345,	NULL,	NULL,	'2015-03-04 05:28:11'),
(6585,	3,	181574965361538,	'2015-01-27 08:23:23',	'Zoomsphere Czech Republic',	'https://scontent.xx.fbcdn.net/hprofile-xta1/v/t1.0-1/p100x100/1524845_333197133532653_4261963649617623775_n.png?oh=d1b53966c9062cabda536140cb077c4e&oe=575F2F4F',	'2016-02-29 16:52:56',	'CAAGZA0PxJjEcBAJTHxa4YrT9Cvj2jCYfdY7kizd9J83CIvcHqPN720l9Ta51TgOAdu0j6EunkZATaZAdou2nBvfM4TUtnHpNifI9Os6vLBMhXv4hZB6SiT42zW92rSOA6hqe3gUEFZBrI8JYcRei4KeKJWATra5F2ZCSJ1a5oOruwDWtTOajw3',	735432345,	NULL,	NULL,	'2015-10-10 08:53:58'),
(8989,	3,	1445319499097796,	'2015-05-28 10:24:31',	'ZoomSphere România',	'https://scontent.xx.fbcdn.net/hprofile-xap1/v/t1.0-1/p100x100/11329935_1446900098939736_2184925335844322878_n.png?oh=045ad2f70081785cb054fa515fdefdf2&oe=575A804B',	'2016-02-29 16:52:56',	'CAAGZA0PxJjEcBAD8NTZA0ZBHZB55Wgxvf5FhDdDRSJuEQvH30O7XPW5bZBwkbp4e9NGiZCiMUjhO9wZA9PedNPWfnY9T0fzECaWZALj6C26DM9nobY6ni3nQJsoWobPySCnmfYvV5vucMX3fcZCnNEBYOKdm3PjUoXiVySyQCAZCrQQcZC3j4adBQdd',	735432345,	NULL,	NULL,	'2015-09-20 00:10:34'),
(11437,	3,	437160266473209,	'2015-11-03 17:52:54',	'ZoomSphere Italia',	'https://scontent.xx.fbcdn.net/hprofile-xat1/v/t1.0-1/p100x100/11951343_437160609806508_6256403890990203706_n.png?oh=c7e9002000d6f3931296c3b17baa978d&oe=576E505D',	'2016-02-29 16:52:56',	'CAAGZA0PxJjEcBAFRZAq9prdZAzMkZBBOXqMzu9aVaAGbmQju8ypNMAjFVpZBI6FMye4N8D9e6o2SKGZCj6M2wdM5RwmIh7CYZAAvluVnrb6fAg8IeUu0nSx96XMhyOl7VtkmJAZCK20t1Jy7753ycpxYHUggX7Fi6TJwWsrIVUML3t1VfSImZCz58',	735432345,	NULL,	NULL,	'2015-11-05 12:04:23'),
(14056,	19,	104212276288213,	'2013-02-26 15:54:38',	'Kupon test',	'http://profile.ak.fbcdn.net/static-ak/rsrc.php/v2/yY/r/fmYdZvdquYb.png',	'0000-00-00 00:00:00',	'AAAGZA0PxJjEcBAFA8d99nZCGR4LImC36poB669ZA40KXPlUecT1ZAVSzIoPka5SbFMuqyYIsn9QSZAtYLLvQ3fsbM4gwlkUiaPSncZAarVmPZCSZB9VDezb4',	2147483647,	NULL,	1,	NULL);

INSERT INTO `user_google_page` (`id`, `user_id`, `page_id`, `created`, `name`, `image`, `last_update`, `access_token`, `account_id`) VALUES
(423,	3,	'104541544741131647112',	'2015-06-15 19:07:30',	'ZoomSphere',	'https://lh3.googleusercontent.com/-0_fNVzDgprw/AAAAAAAAAAI/AAAAAAAADK8/VMM4nrONDTk/photo.jpg?sz=50',	'0000-00-00 00:00:00',	NULL,	'113442593617852227101');

INSERT INTO `user_linkedin_page` (`id`, `user_id`, `page_id`, `created`, `name`, `account_id`, `image`) VALUES
(37,	3,	'4989763',	'2015-02-13 09:32:38',	'ZoomSphere.com',	'17cVPeDpLF',	'https://media.licdn.com/mpr/mpr/p/4/005/02c/06b/1ff458a.png'),
(31,	3,	'6384045',	'2015-02-13 09:31:31',	'Svět běžce',	'17cVPeDpLF',	'https://media.licdn.com/mpr/mpr/p/5/005/0b7/34a/21cf506.png');

INSERT INTO `user_youtube_channel` (`id`, `user_id`, `channel_id`, `created`, `name`, `image`, `access_token`) VALUES
(1,	40,	'UCKGn1ljSsD3D9Jc3h1crK5A',	'2016-03-21 17:14:12',	'Tomáš Černý',	'https://lh4.googleusercontent.com/-HE-XD1PYTck/AAAAAAAAAAI/AAAAAAAAAf0/ExE1ipfQSIk/photo.jpg?sz=50',	'{\"access_token\":\"ya29.rALKl0IpljOalKtQ1ovUPbRLlXfnXz1NaSWgcqGaEhl_-umNJiFi9xWZg6933GsZ3g\",\"token_type\":\"Bearer\",\"id_token\":\"eyJhbGciOiJSUzI1NiIsImtpZCI6IjZlMDhiMGI1YmYwODMyMTY0Y2Y3ZTNhMGRmMDAyMDE0YzZmNjU3MzAifQ.eyJpc3MiOiJhY2NvdW50cy5nb29nbGUuY29tIiwiYXRf'),
(2,	3,	'UCKGn1ljSsD3D9Jc3h1crK5A',	'2016-03-21 17:14:12',	'Tomáš Černý',	'https://lh4.googleusercontent.com/-HE-XD1PYTck/AAAAAAAAAAI/AAAAAAAAAf0/ExE1ipfQSIk/photo.jpg?sz=50',	'{\"access_token\":\"ya29.rALKl0IpljOalKtQ1ovUPbRLlXfnXz1NaSWgcqGaEhl_-umNJiFi9xWZg6933GsZ3g\",\"token_type\":\"Bearer\",\"id_token\":\"eyJhbGciOiJSUzI1NiIsImtpZCI6IjZlMDhiMGI1YmYwODMyMTY0Y2Y3ZTNhMGRmMDAyMDE0YzZmNjU3MzAifQ.eyJpc3MiOiJhY2NvdW50cy5nb29nbGUuY29tIiwiYXRf');

INSERT INTO `email_templates` (`id`, `lang`, `code`, `from_email`, `from_name`, `subject`, `content`) VALUES
(1,	'en',	'contact_form',	'no-reply@zoomsphere.com',	'ZoomSphere',	'New contact via contact form',	'<p>\r\n<b>Name</b>: *|NAME|*<br>\r\n<b>Country</b>: *|COUNTRY|*<br>\r\n<b>Message</b>:<br> \r\n*|MESSAGE|*'),
(2,	'en',	'team_invitation',	'no-reply@zoomsphere.com',	'ZoomSphere',	'You\'re invited to join ZoomSphere',	'<h2>You\'re invited to join ZoomSphere</h2>\r\n<p>\r\n	<strong>*|NAME|*</strong> just set up an account for you.\r\n</p>\r\n<p>\r\n	<span style=\"font-family: \'Open Sans\', sans-serif; background-color: initial;\">You must click on the this link to get started: </span><a href=\"*|FRONTEND_DOMAIN|*/login/validate/*|HASH|*\" style=\"font-family: \'Open Sans\', sans-serif; background-color: initial;\">*|FRONTEND_DOMAIN|*/login/validate/*|HASH|*</a>\r\n</p>'),
(3,	'en',	'validate_email',	'no-reply@zoomsphere.com',	'ZoomSphere',	'Verify your email address in ZoomSphere',	'<!DOCTYPE html PUBLIC \"-//W3C//DTD HTML 4.0 Transitional//EN\" \"http://www.w3.org/TR/REC-html40/loose.dtd\">\r\n<html>\r\n  <head>\r\n        <meta http-equiv=\"content-type\" content=\"text/html; charset=UTF-8\">\r\n  <style type=\"text/css\" data-premailer=\"ignore\">\r\n        @media only screen and (max-width: 480px)\r\n      {\r\n        .mail_body { min-width: 360px !important; }\r\n      }\r\n      @media only screen and (max-device-width: 480px)\r\n      {\r\n        .mail_body { min-width: 360px !important; }\r\n      }\r\n    </style>\r\n  </head>\r\n  <body style=\"background:#e6edf2\" bgcolor=\"#e6edf2\">\r\n  <div class=\"mail_body\" style=\"-moz-osx-font-smoothing: grayscale;webkit-font-smoothing: antialiased; font-family: \'Helvetica Neue\',Helvetica,Arial,sans-serif; font-size: 12px; font-weight: normal; line-height: 18px;\">\r\n    <!-- Logo-->\r\n    <table cellpadding=\"0\" cellspacing=\"0\" border=\"0\" valign=\"top\" align=\"center\" style=\"border-radius: 2px;color: #3E474C; font-size: 12px; height: auto; line-height: 18px; margin: 0 auto; max-height: 40px; max-width: 600px; min-height: 40px; width: 100%\">\r\n      <tr>\r\n        <td align=\"center\" style=\"align:center;-moz-osx-font-smoothing: grayscale; -webkit-font-smoothing: antialiased; font-family: \'Helvetica Neue\',Helvetica,Arial,sans-serif; font-weight: normal; padding: 50px   20px; vertical-align: middle\" valign=\"middle\">\r\n                <img src=\"https://s3-eu-west-1.amazonaws.com/files2.zoomsphere.com/logo-light.png\" width=\"160\" height=\"25\">\r\n        </td>\r\n      </tr>\r\n    </table>\r\n\r\n    <table bgcolor=\"#FFFFFF\" cellpadding=\"0\" cellspacing=\"0\" border=\"0\" valign=\"top\" align=\"center\" style=\"border-color: #dae1e5; color:#4e4e4e; border-style: solid; border-width: 1px; background: #FFFFFF; font-size: 12px; height: auto; line-height: 28px; margin: 0 auto; max-width: 600px; overflow: hidden; width: 100%\">\r\n      <tr>\r\n        <td style=\"-moz-osx-font-smoothing: grayscale; -webkit-font-smoothing: antialiased; font-family: \'Helvetica Neue\',Helvetica,Arial,sans-serif; font-size: 15px; font-weight: normal; height: 40px; line-height: 28px; max-height: 40px; padding: 30px 35px 0 35px\">\r\n                                <p>Hi *|NAME|*,<p>\r\n                                <p style=\"margin-top:10px;\">Thank you for choosing ZoomSphere as a social media managment tool for your business. <strong>Let`s verify your email address now.</strong></p>\r\n                                </td>\r\n      </tr>\r\n                        <tr>\r\n        <td align=\"center\" style=\"-moz-osx-font-smoothing: grayscale; -webkit-font-smoothing: antialiased; font-family: \'Helvetica Neue\',Helvetica,Arial,sans-serif; font-weight: normal; padding: 45px 35px; text-align:center\">\r\n                <a href=\"*|FRONTEND_DOMAIN|*/login/validate/*|HASH|*\"><img src=\"https://s3-eu-west-1.amazonaws.com/files2.zoomsphere.com/verify_email_button.gif\" width=\"270\" height=\"52\"></a>\r\n                    </td>\r\n                  </tr>\r\n      <tr>\r\n        <td style=\"-moz-osx-font-smoothing: grayscale; -webkit-font-smoothing: antialiased; font-family: \'Helvetica Neue\',Helvetica,Arial,sans-serif; font-size: 15px; line-height: 28px; font-weight: normal; padding: 0px 25px 40px 25px\">\r\n                                        <p>If it doesn`t work, copy &amp; paste  this link to your browser:<br />\r\n                                        <a style=\"color:#52728d\" href=\"*|FRONTEND_DOMAIN|*/login/validate/*|HASH|*\">*|FRONTEND_DOMAIN|*/login/validate/*|HASH|*</a></p>\r\n                                </td>\r\n      </tr>\r\n                </table>\r\n                <!-- padding -->\r\n    <table cellpadding=\"0\" cellspacing=\"0\" border=\"0\" valign=\"top\" align=\"center\" style=\"border-radius: 2px;color: #3E474C; font-size: 12px; height: auto; line-height: 18px; margin: 0 auto; max-height: 70px; max-width: 600px; min-height: 70px; width: 100%\">\r\n      <tr>\r\n        <td align=\"center\" style=\"align:center;-moz-osx-font-smoothing: grayscale; -webkit-font-smoothing: antialiased; font-family: \'Helvetica Neue\',Helvetica,Arial,sans-serif; font-weight: normal; padding: 35px  20px; vertical-align: middle\" valign=\"middle\">\r\n        </td>\r\n      </tr>\r\n    </table>\r\n</div></body></html>'),
(4,	'en',	'forgotten_password',	'no-reply@zoomsphere.com',	'ZoomSphere',	'Reset your password in ZoomSphere',	'<!DOCTYPE html PUBLIC \"-//W3C//DTD HTML 4.0 Transitional//EN\" \"http://www.w3.org/TR/REC-html40/loose.dtd\">\r\n<html>\r\n  <head>\r\n        <meta http-equiv=\"content-type\" content=\"text/html; charset=UTF-8\">\r\n  <style type=\"text/css\" data-premailer=\"ignore\">\r\n        @media only screen and (max-width: 480px)\r\n      {\r\n        .mail_body { min-width: 360px !important; }\r\n      }\r\n      @media only screen and (max-device-width: 480px)\r\n      {\r\n        .mail_body { min-width: 360px !important; }\r\n      }\r\n    </style>\r\n  </head>\r\n  <body style=\"background:#e6edf2\" bgcolor=\"#e6edf2\">\r\n  <div class=\"mail_body\" style=\"-moz-osx-font-smoothing: grayscale;webkit-font-smoothing: antialiased; font-family: \'Helvetica Neue\',Helvetica,Arial,sans-serif; font-size: 12px; font-weight: normal; line-height: 18px;\">\r\n    <!-- Logo-->\r\n    <table cellpadding=\"0\" cellspacing=\"0\" border=\"0\" valign=\"top\" align=\"center\" style=\"border-radius: 2px;color: #3E474C; font-size: 12px; height: auto; line-height: 18px; margin: 0 auto; max-height: 40px; max-width: 600px; min-height: 40px; width: 100%\">\r\n      <tr>\r\n        <td align=\"center\" style=\"align:center;-moz-osx-font-smoothing: grayscale; -webkit-font-smoothing: antialiased; font-family: \'Helvetica Neue\',Helvetica,Arial,sans-serif; font-weight: normal; padding: 50px   20px; vertical-align: middle\" valign=\"middle\">\r\n                <img src=\"https://s3-eu-west-1.amazonaws.com/files2.zoomsphere.com/logo-light.png\" width=\"160\" height=\"25\">\r\n        </td>\r\n      </tr>\r\n    </table>\r\n\r\n    <table bgcolor=\"#FFFFFF\" cellpadding=\"0\" cellspacing=\"0\" border=\"0\" valign=\"top\" align=\"center\" style=\"border-color: #dae1e5; color:#4e4e4e; border-style: solid; border-width: 1px; background: #FFFFFF; font-size: 12px; height: auto; line-height: 28px; margin: 0 auto; max-width: 600px; overflow: hidden; width: 100%\">\r\n      <tr>\r\n        <td style=\"-moz-osx-font-smoothing: grayscale; -webkit-font-smoothing: antialiased; font-family: \'Helvetica Neue\',Helvetica,Arial,sans-serif; font-size: 15px; font-weight: normal; height: 40px; line-height: 28px; max-height: 40px; padding: 30px 35px 0 35px\">\r\n                                <p>Hi *|NAME|*,<p>\r\n                                <p style=\"margin-top:10px;\">Forgot your password? <strong>Let`s click the link below.</strong></p>\r\n                                </td>\r\n      </tr>\r\n                        <tr>\r\n        <td align=\"center\" style=\"-moz-osx-font-smoothing: grayscale; -webkit-font-smoothing: antialiased; font-family: \'Helvetica Neue\',Helvetica,Arial,sans-serif; font-weight: normal; padding: 45px 35px; text-align:center\">\r\n                <a href=\"*|FRONTEND_DOMAIN|*/login/validate/*|HASH|*\"><img src=\"https://s3-eu-west-1.amazonaws.com/files2.zoomsphere.com/verify_email_button.gif\" width=\"270\" height=\"52\"></a>\r\n                    </td>\r\n                  </tr>\r\n      <tr>\r\n        <td style=\"-moz-osx-font-smoothing: grayscale; -webkit-font-smoothing: antialiased; font-family: \'Helvetica Neue\',Helvetica,Arial,sans-serif; font-size: 15px; line-height: 28px; font-weight: normal; padding: 0px 25px 40px 25px\">\r\n                                        <p>If it doesn`t work, copy &amp; paste  this link to your browser:<br />\r\n                                        <a style=\"color:#52728d\" href=\"*|FRONTEND_DOMAIN|*/login/validate/*|HASH|*\">*|FRONTEND_DOMAIN|*/login/validate/*|HASH|*</a></p>\r\n                                </td>\r\n      </tr>\r\n                </table>\r\n                <!-- padding -->\r\n    <table cellpadding=\"0\" cellspacing=\"0\" border=\"0\" valign=\"top\" align=\"center\" style=\"border-radius: 2px;color: #3E474C; font-size: 12px; height: auto; line-height: 18px; margin: 0 auto; max-height: 70px; max-width: 600px; min-height: 70px; width: 100%\">\r\n      <tr>\r\n        <td align=\"center\" style=\"align:center;-moz-osx-font-smoothing: grayscale; -webkit-font-smoothing: antialiased; font-family: \'Helvetica Neue\',Helvetica,Arial,sans-serif; font-weight: normal; padding: 35px  20px; vertical-align: middle\" valign=\"middle\">\r\n        </td>\r\n      </tr>\r\n    </table>\r\n</div></body></html>'),
(5,	'en',	'expired_social',	'no-reply@zoomsphere.com',	'ZoomSphere',	'Your social profile expired',	'<!DOCTYPE html PUBLIC \"-//W3C//DTD HTML 4.0 Transitional//EN\" \"http://www.w3.org/TR/REC-html40/loose.dtd\">\r\n<html>\r\n  <head>\r\n        <meta http-equiv=\"content-type\" content=\"text/html; charset=UTF-8\">\r\n  <style type=\"text/css\" data-premailer=\"ignore\">\r\n        @media only screen and (max-width: 480px)\r\n      {\r\n        .mail_body { min-width: 360px !important; }\r\n      }\r\n      @media only screen and (max-device-width: 480px)\r\n      {\r\n        .mail_body { min-width: 360px !important; }\r\n      }\r\n    </style>\r\n  </head>\r\n  <body style=\"background:#e6edf2\" bgcolor=\"#e6edf2\">\r\n  <div class=\"mail_body\" style=\"-moz-osx-font-smoothing: grayscale;webkit-font-smoothing: antialiased; font-family: \'Helvetica Neue\',Helvetica,Arial,sans-serif; font-size: 12px; font-weight: normal; line-height: 18px;\">\r\n    <!-- Logo-->\r\n    <table cellpadding=\"0\" cellspacing=\"0\" border=\"0\" valign=\"top\" align=\"center\" style=\"border-radius: 2px;color: #3E474C; font-size: 12px; height: auto; line-height: 18px; margin: 0 auto; max-height: 40px; max-width: 600px; min-height: 40px; width: 100%\">\r\n      <tr>\r\n        <td align=\"center\" style=\"align:center;-moz-osx-font-smoothing: grayscale; -webkit-font-smoothing: antialiased; font-family: \'Helvetica Neue\',Helvetica,Arial,sans-serif; font-weight: normal; padding: 50px   20px; vertical-align: middle\" valign=\"middle\">\r\n                <img src=\"https://s3-eu-west-1.amazonaws.com/files2.zoomsphere.com/logo-light.png\" width=\"160\" height=\"25\">\r\n        </td>\r\n      </tr>\r\n    </table>\r\n\r\n    <table bgcolor=\"#FFFFFF\" cellpadding=\"0\" cellspacing=\"0\" border=\"0\" valign=\"top\" align=\"center\" style=\"border-color: #dae1e5; color:#4e4e4e; border-style: solid; border-width: 1px; background: #FFFFFF; font-size: 12px; height: auto; line-height: 28px; margin: 0 auto; max-width: 600px; overflow: hidden; width: 100%\">\r\n      <tr>\r\n        <td style=\"-moz-osx-font-smoothing: grayscale; -webkit-font-smoothing: antialiased; font-family: \'Helvetica Neue\',Helvetica,Arial,sans-serif; font-size: 15px; font-weight: normal; height: 40px; line-height: 28px; max-height: 40px; padding: 30px 25px 0 25px\">\r\n                                <p>Hi *|NAME|*,<p>\r\n                                </td>\r\n      </tr>\r\n\r\n      <tr>\r\n        <td style=\"-moz-osx-font-smoothing: grayscale; -webkit-font-smoothing: antialiased; font-family: \'Helvetica Neue\',Helvetica,Arial,sans-serif; font-size: 15px; line-height: 28px; font-weight: normal; padding: 0px 25px 40px 25px\">\r\n                                        <p>your *|NETWORK|* Access Token (privileges to work with your *|ACCOUNT|* *|ACCOUNT_NAME|*) expired. </p>\r\n                                        <p>Please go to the Settings <a style=\"color:#52728d\" href=\"http://www.zoomsphere.com/settings/profiles/*|NETWORK|*\">http://www.zoomsphere.com/settings/profiles/*|NETWORK|*</a>  and reconnect your profile there.</p>\r\n                                </td>\r\n      </tr>\r\n                        \r\n\r\n                </table>\r\n                <!-- padding -->\r\n    <table cellpadding=\"0\" cellspacing=\"0\" border=\"0\" valign=\"top\" align=\"center\" style=\"border-radius: 2px;color: #3E474C; font-size: 12px; height: auto; line-height: 18px; margin: 0 auto; max-height: 70px; max-width: 600px; min-height: 70px; width: 100%\">\r\n      <tr>\r\n        <td align=\"center\" style=\"align:center;-moz-osx-font-smoothing: grayscale; -webkit-font-smoothing: antialiased; font-family: \'Helvetica Neue\',Helvetica,Arial,sans-serif; font-weight: normal; padding: 35px  20px; vertical-align: middle\" valign=\"middle\">\r\n        </td>\r\n      </tr>\r\n    </table>\r\n</div></body></html>'),
(7,	'en',	'will_expire_social',	'no-reply@zoomsphere.com',	'ZoomSphere',	'Your social profile will expire',	'<!DOCTYPE html PUBLIC \"-//W3C//DTD HTML 4.0 Transitional//EN\" \"http://www.w3.org/TR/REC-html40/loose.dtd\">\r\n<html>\r\n  <head>\r\n        <meta http-equiv=\"content-type\" content=\"text/html; charset=UTF-8\">\r\n  <style type=\"text/css\" data-premailer=\"ignore\">\r\n        @media only screen and (max-width: 480px)\r\n      {\r\n        .mail_body { min-width: 360px !important; }\r\n      }\r\n      @media only screen and (max-device-width: 480px)\r\n      {\r\n        .mail_body { min-width: 360px !important; }\r\n      }\r\n    </style>\r\n  </head>\r\n  <body style=\"background:#e6edf2\" bgcolor=\"#e6edf2\">\r\n  <div class=\"mail_body\" style=\"-moz-osx-font-smoothing: grayscale;webkit-font-smoothing: antialiased; font-family: \'Helvetica Neue\',Helvetica,Arial,sans-serif; font-size: 12px; font-weight: normal; line-height: 18px;\">\r\n    <!-- Logo-->\r\n    <table cellpadding=\"0\" cellspacing=\"0\" border=\"0\" valign=\"top\" align=\"center\" style=\"border-radius: 2px;color: #3E474C; font-size: 12px; height: auto; line-height: 18px; margin: 0 auto; max-height: 40px; max-width: 600px; min-height: 40px; width: 100%\">\r\n      <tr>\r\n        <td align=\"center\" style=\"align:center;-moz-osx-font-smoothing: grayscale; -webkit-font-smoothing: antialiased; font-family: \'Helvetica Neue\',Helvetica,Arial,sans-serif; font-weight: normal; padding: 50px   20px; vertical-align: middle\" valign=\"middle\">\r\n                <img src=\"https://s3-eu-west-1.amazonaws.com/files2.zoomsphere.com/logo-light.png\" width=\"160\" height=\"25\">\r\n        </td>\r\n      </tr>\r\n    </table>\r\n\r\n    <table bgcolor=\"#FFFFFF\" cellpadding=\"0\" cellspacing=\"0\" border=\"0\" valign=\"top\" align=\"center\" style=\"border-color: #dae1e5; color:#4e4e4e; border-style: solid; border-width: 1px; background: #FFFFFF; font-size: 12px; height: auto; line-height: 28px; margin: 0 auto; max-width: 600px; overflow: hidden; width: 100%\">\r\n      <tr>\r\n        <td style=\"-moz-osx-font-smoothing: grayscale; -webkit-font-smoothing: antialiased; font-family: \'Helvetica Neue\',Helvetica,Arial,sans-serif; font-size: 15px; font-weight: normal; height: 40px; line-height: 28px; max-height: 40px; padding: 30px 25px 0 25px\">\r\n                                <p>Hi *|NAME|*,<p>\r\n                                </td>\r\n      </tr>\r\n\r\n      <tr>\r\n        <td style=\"-moz-osx-font-smoothing: grayscale; -webkit-font-smoothing: antialiased; font-family: \'Helvetica Neue\',Helvetica,Arial,sans-serif; font-size: 15px; line-height: 28px; font-weight: normal; padding: 0px 25px 40px 25px\">\r\n                                        <p>your *|NETWORK|* Access Token (privileges to work with your *|ACCOUNT|* *|ACCOUNT_NAME|*) will expire in *|DAY|* days. </p>\r\n                                        <p>Please go to the Settings <a style=\"color:#52728d\" href=\"http://www.zoomsphere.com/settings/profiles/*|NETWORK|*\">http://www.zoomsphere.com/settings/profiles/*|NETWORK|*</a>  and reconnect your profile there.</p>\r\n                                </td>\r\n      </tr>\r\n                        \r\n\r\n                </table>\r\n                <!-- padding -->\r\n    <table cellpadding=\"0\" cellspacing=\"0\" border=\"0\" valign=\"top\" align=\"center\" style=\"border-radius: 2px;color: #3E474C; font-size: 12px; height: auto; line-height: 18px; margin: 0 auto; max-height: 70px; max-width: 600px; min-height: 70px; width: 100%\">\r\n      <tr>\r\n        <td align=\"center\" style=\"align:center;-moz-osx-font-smoothing: grayscale; -webkit-font-smoothing: antialiased; font-family: \'Helvetica Neue\',Helvetica,Arial,sans-serif; font-weight: normal; padding: 35px  20px; vertical-align: middle\" valign=\"middle\">\r\n        </td>\r\n      </tr>\r\n    </table>\r\n</div></body></html>');

INSERT INTO `user_settings` (`user_id`, `text`, `orig`) VALUES
(3,	'{\"favourites\":{\"twitter\":{\"all\":{\"profiles\":{\"152426\":{\"name\":\"O2 CZ\",\"url\":\"O2_CZ\",\"img\":\"http:\\/\\/a0.twimg.com\\/profile_images\\/989464247\\/o2_normal.jpg\"},\"149546\":{\"name\":\"Vodafone \\u010cR\",\"url\":\"Vodafone_CZ\",\"img\":\"http:\\/\\/a2.twimg.com\\/profile_images\\/1385669089\\/Twitter-800x800px_reasonably_small_normal.jpg\"},\"849\":{\"name\":\"jakubmach\",\"url\":\"jakubmach\",\"img\":\"http:\\/\\/a1.twimg.com\\/profile_images\\/335800215\\/twitterProfilePhoto_normal.jpg\"},\"14454\":{\"name\":\"Jan Rezab\",\"url\":\"janrezab\",\"img\":\"http:\\/\\/a0.twimg.com\\/profile_images\\/1287830303\\/janrezab-avatar_normal.png\"},\"149178\":{\"name\":\"Jenda Perla\",\"url\":\"Perlino\",\"img\":\"http:\\/\\/a3.twimg.com\\/profile_images\\/1409159514\\/ec7c9de5-38e8-4545-a3f8-9e902eb9df2f_normal.png\"},\"10265\":{\"name\":\"Patrick Zandl\",\"url\":\"tangero\",\"img\":\"http:\\/\\/a2.twimg.com\\/profile_images\\/63544876\\/patrick_zandl_malyobr_normal.jpg\"},\"290\":{\"name\":\"Adam Zbiejczuk\",\"url\":\"zbiejczuk\",\"img\":\"http:\\/\\/a3.twimg.com\\/profile_images\\/942111943\\/adam-studio_normal.JPG\"},\"24030\":{\"name\":\"Socialbakers\",\"url\":\"socialbakers\",\"img\":\"http:\\/\\/a2.twimg.com\\/profile_images\\/1166094329\\/facebakers_icon_normal.jpg\"},\"40610\":{\"name\":\"Jenna Lovely\",\"url\":\"Jenna_Lovely\",\"img\":\"http:\\/\\/a1.twimg.com\\/profile_images\\/1529018940\\/4e640e5cba11ax_normal.jpg\"},\"39683\":{\"name\":\"Tapmates Inc.\",\"url\":\"tapmates\",\"img\":\"http:\\/\\/a2.twimg.com\\/profile_images\\/1116656682\\/tapmates-twitter_normal.png\"},\"595\":{\"name\":\"Ataxo CZ\",\"url\":\"ataxocz\",\"img\":\"http:\\/\\/a0.twimg.com\\/profile_images\\/255596125\\/logoAW_normal.png\"},\"28339\":{\"name\":\"Moje obchody\",\"url\":\"789654123123\",\"img\":\"http:\\/\\/a0.twimg.com\\/profile_images\\/1235778916\\/Modr__normal.jpg\"},\"4538\":{\"name\":\"OtecFura\",\"url\":\"otecfura\",\"img\":\"http:\\/\\/a3.twimg.com\\/profile_images\\/1075849397\\/n42990764884_9975_normal.jpg\"},\"141\":{\"name\":\"Eli\\u0161ka Vyhn\\u00e1nkov\\u00e1\",\"url\":\"annaud\",\"img\":\"http:\\/\\/a1.twimg.com\\/profile_images\\/1121141697\\/ikona80x80_normal.jpg\"},\"183119\":{\"name\":\"\\u017div\\u011b.cz a Computer\",\"url\":\"computer_zive\",\"img\":\"http:\\/\\/a3.twimg.com\\/profile_images\\/1682648879\\/Zive_logo_Twitter_normal.png\"},\"166\":{\"name\":\"Denn\\u00edk SME\",\"url\":\"denniksme\",\"img\":\"http:\\/\\/a3.twimg.com\\/profile_images\\/1370990484\\/logo3_normal.jpg\"},\"318666\":{\"name\":\"Coldplay\",\"url\":\"coldplay\",\"img\":\"http:\\/\\/a0.twimg.com\\/profile_images\\/1564359700\\/mxtwit_normal.jpg\"},\"323574\":{\"name\":\"Eva Longoria\",\"url\":\"EvaLongoria\",\"img\":\"http:\\/\\/a0.twimg.com\\/profile_images\\/673603621\\/eva_capitol_hill_normal.bmp\"},\"318368\":{\"name\":\"Pete Cashmore\",\"url\":\"mashable\",\"img\":\"http:\\/\\/a1.twimg.com\\/profile_images\\/58439629\\/petepassport_normal.PNG\"},\"331043\":{\"name\":\"Victoria Beckham\",\"url\":\"victoriabeckham\",\"img\":\"http:\\/\\/a2.twimg.com\\/profile_images\\/1311534427\\/VBvogue-colour_normal.jpg\"},\"317089\":{\"name\":\"TechCrunch\",\"url\":\"TechCrunch\",\"img\":\"http:\\/\\/a0.twimg.com\\/profile_images\\/1763528896\\/-5-1_normal.jpeg\"},\"317058\":{\"name\":\"Starbucks Coffee\",\"url\":\"Starbucks\",\"img\":\"http:\\/\\/a1.twimg.com\\/profile_images\\/1617977886\\/logo-600x600_normal.png\"},\"320819\":{\"name\":\"Zagat\",\"url\":\"Zagat\",\"img\":\"http:\\/\\/a0.twimg.com\\/profile_images\\/1735410680\\/logo_zagat_twt_normal.png\"},\"319638\":{\"name\":\"Coca-Cola\",\"url\":\"CocaCola\",\"img\":\"http:\\/\\/a0.twimg.com\\/profile_images\\/1691414388\\/EPP_CocaCola_LOGO_normal.jpg\"},\"326421\":{\"name\":\"Pepsi\\u2122\",\"url\":\"pepsi\",\"img\":\"http:\\/\\/a2.twimg.com\\/profile_images\\/1420175432\\/TWITTER_ICONS_128x128_PEPSI_normal.jpg\"},\"690919\":{\"name\":\"ZoomSphere.com\",\"url\":\"ZoomSphere\",\"img\":\"http:\\/\\/a1.twimg.com\\/profile_images\\/1738246577\\/zspi_normal.PNG\"},\"690895\":{\"name\":\"Daniel Do\\u010dekal\",\"url\":\"Medvidekpu\",\"img\":\"http:\\/\\/a1.twimg.com\\/profile_images\\/1789213574\\/tw-Medvidekpu_normal.png\"},\"364861\":{\"name\":\"Tony Rocha\",\"url\":\"RealTonyRocha\",\"img\":\"http:\\/\\/a0.twimg.com\\/profile_images\\/1984223964\\/tonyofficial2_normal.jpg\"},\"5612\":{\"name\":\"Josef \\u0160lerka\",\"url\":\"josefslerka\",\"img\":\"http:\\/\\/a0.twimg.com\\/profile_images\\/2007188769\\/fotkafb02_normal.png\"}},\"hashtags\":{\"16852\":{\"name\":\"smog\",\"url\":\"smog\",\"img\":null},\"38063\":{\"name\":\"mlha\",\"url\":\"mlha\",\"img\":null},\"4928\":{\"name\":\"fotbal\",\"url\":\"fotbal\",\"img\":null},\"178740\":{\"name\":\"zoomsphere\",\"url\":\"zoomsphere\",\"img\":null},\"3014\":{\"name\":\"webexpo\",\"url\":\"webexpo\",\"img\":null},\"19975\":{\"name\":\"Transmission\",\"url\":\"Transmission\",\"img\":null},\"8725\":{\"name\":\"MashableAwards\",\"url\":\"MashableAwards\",\"img\":null},\"12437\":{\"name\":\"gotoprg\",\"url\":\"gotoprg\",\"img\":null},\"70642\":{\"name\":\"klupa\",\"url\":\"klupa\",\"img\":null},\"7587\":{\"name\":\"kristalovka\",\"url\":\"kristalovka\",\"img\":null},\"7588\":{\"name\":\"kristalovalupa\",\"url\":\"kristalovalupa\",\"img\":null},\"8816\":{\"name\":\"BlackFriday\",\"url\":\"BlackFriday\",\"img\":null},\"191962\":{\"name\":\"stoKliku\",\"url\":\"stoKliku\",\"img\":null},\"20925\":{\"name\":\"LeWeb\",\"url\":\"LeWeb\",\"img\":null},\"4303\":{\"name\":\"newtwitter\",\"url\":\"newtwitter\",\"img\":null},\"982\":{\"name\":\"Imagine\",\"url\":\"Imagine\",\"img\":null}},\"pages\":{\"320858\":{\"name\":\"JetBlue Airways\",\"url\":\"JetBlue\",\"img\":\"http:\\/\\/a3.twimg.com\\/profile_images\\/1690252354\\/jetIconWlogo_normal.jpg\"},\"322304\":{\"name\":\"Huffington Post\",\"url\":\"HuffingtonPost\",\"img\":\"http:\\/\\/a0.twimg.com\\/profile_images\\/1797160912\\/HP_Twitter_avatar_128x128_normal.png\"}}}},\"facebook\":{\"all\":{\"pages\":{\"176\":{\"name\":\"Ataxo Czech s.r.o.\",\"url\":\"Ataxo-Czech-sro\",\"img\":\"60579273583_ps.gif\"},\"72120\":{\"name\":\"Maybelline CZ\\/SK\",\"url\":\"Maybelline-CZ-SK\",\"img\":\"299195905891_ps.gif\"},\"75228\":{\"name\":\"OLYMPUS \\u010cesk\\u00e1 republika\",\"url\":\"OLYMPUS-Ceska-republika\",\"img\":\"103383316363336_ps.gif\"},\"24007\":{\"name\":\"\\u010cesk\\u00e1 spo\\u0159itelna\",\"url\":\"Ceska-sporitelna\",\"img\":\"90594467955_ps.gif\"},\"20423\":{\"name\":\"ZOO \\u00dast\\u00ed nad Labem\",\"url\":\"ZOO-Usti-nad-Labem\",\"img\":\"81792239965_ps.gif\"},\"1\":{\"name\":\"MicroMedia\",\"url\":\"MicroMedia\",\"img\":\"32553695078_ps.gif\"},\"184207\":{\"name\":\"Kinder Bueno CZ\",\"url\":\"Kinder-Bueno-CZ\",\"img\":\"104047096340342_ps.gif\"},\"118127\":{\"name\":\"Jim Beam CZ\",\"url\":\"Jim-Beam-CZ\",\"img\":\"108985085813294_ps.gif\"},\"2480\":{\"name\":\"Starbucks \\u010cesk\\u00e1 republika\",\"url\":\"Starbucks-Ceska-republika\",\"img\":\"103358809697830_ps.gif\"},\"151257\":{\"name\":\"BMW \\u010cesk\\u00e1 republika\",\"url\":\"BMW-Ceska-republika\",\"img\":\"125214950828155_ps.gif\"},\"9397\":{\"name\":\"ASUS Czech & Slovakia\",\"url\":\"ASUS-Czech-Slovakia\",\"img\":\"65777593700_ps.gif\"},\"47728\":{\"name\":\"DATARTcz\",\"url\":\"DATARTcz\",\"img\":\"133129068446_ps.gif\"},\"44687\":{\"name\":\"Bleskov\\u011b.cz\",\"url\":\"Bleskovecz\",\"img\":\"191166558633_ps.gif\"},\"28378\":{\"name\":\"TN.CZ\",\"url\":\"TNCZ\",\"img\":\"142069753862_ps.gif\"},\"19283\":{\"name\":\"Aktu\\u00e1ln\\u011b.cz\",\"url\":\"Aktualnecz\",\"img\":\"137301989386_ps.gif\"},\"807\":{\"name\":\"\\u00d3\\u010dko\",\"url\":\"Ocko\",\"img\":\"74230288824_ps.gif\"},\"28368\":{\"name\":\"OVERJOY.cz - Online Fashion Shop\",\"url\":\"OVERJOYcz-Online-Fashion-Shop\",\"img\":\"243968423130_ps.gif\"},\"28\":{\"name\":\"T-Mobile CZ\",\"url\":\"TMobile-CZ\",\"img\":\"286483085526_ps.gif\"},\"224422\":{\"name\":\"Victoria\'s Secret\",\"url\":\"victoriassecret\",\"img\":\"http:\\/\\/profile.ak.fbcdn.net\\/hprofile-ak-snc4\\/373209_79775744089_169280158_s.jpg\"},\"363977\":{\"name\":\"Mashable\",\"url\":\"mashable\",\"img\":\"http:\\/\\/profile.ak.fbcdn.net\\/hprofile-ak-snc4\\/162059_18807449704_6083333_s.jpg\"},\"238433\":{\"name\":\"Dior\",\"url\":\"Dior\",\"img\":\"http:\\/\\/profile.ak.fbcdn.net\\/hprofile-ak-snc4\\/277185_118197471568260_757821138_s.jpg\"},\"413150\":{\"name\":\"Stella Artois\",\"url\":\"Stella\",\"img\":\"http:\\/\\/profile.ak.fbcdn.net\\/hprofile-ak-ash2\\/373282_88276686377_791312477_s.jpg\"},\"215053\":{\"name\":\"Bony Wilfried\",\"url\":\"Bony-Wilfried\",\"img\":\"http:\\/\\/profile.ak.fbcdn.net\\/hprofile-ak-snc4\\/277067_38585306585_255662882_s.jpg\"},\"12410\":{\"name\":\"\\u0160koda\",\"url\":\"skoda\",\"img\":\"http:\\/\\/profile.ak.fbcdn.net\\/hprofile-ak-snc4\\/373176_142062625886207_716945201_s.jpg\"},\"213393\":{\"name\":\"Red Bull\",\"url\":\"redbull\",\"img\":\"http:\\/\\/profile.ak.fbcdn.net\\/hprofile-ak-snc4\\/50355_14226545351_582_s.jpg\"},\"213756\":{\"name\":\"Starbucks\",\"url\":\"Starbucks\",\"img\":\"http:\\/\\/profile.ak.fbcdn.net\\/hprofile-ak-snc4\\/373709_22092443056_131628046_s.jpg\"},\"245960\":{\"name\":\"Tommy Hilfiger\",\"url\":\"tommyhilfiger\",\"img\":\"http:\\/\\/profile.ak.fbcdn.net\\/hprofile-ak-snc4\\/162005_106324770685_1305680563_s.jpg\"},\"368472\":{\"name\":\"Burberry\",\"url\":\"burberry\",\"img\":\"http:\\/\\/profile.ak.fbcdn.net\\/hprofile-ak-ash2\\/161956_122792026424_786819946_s.jpg\"},\"213394\":{\"name\":\"Coca-Cola\",\"url\":\"coca-cola\",\"img\":\"http:\\/\\/profile.ak.fbcdn.net\\/hprofile-ak-snc4\\/174560_40796308305_2093137831_s.jpg\"},\"595995\":{\"name\":\"Amazon.com\",\"url\":\"amazon\",\"img\":\"http:\\/\\/profile.ak.fbcdn.net\\/hprofile-ak-snc4\\/373031_9465008123_1931347389_s.jpg\"},\"886278\":{\"name\":\"Samsung Mobile USA\",\"url\":\"samsungmobileusa\",\"img\":\"http:\\/\\/profile.ak.fbcdn.net\\/hprofile-ak-snc4\\/261125_7224956785_869786593_s.jpg\"},\"213635\":{\"name\":\"YouTube\",\"url\":\"youtube\",\"img\":\"http:\\/\\/profile.ak.fbcdn.net\\/hprofile-ak-snc4\\/372816_7270241753_1821818062_s.jpg\"},\"591319\":{\"name\":\"Target\",\"url\":\"target\",\"img\":\"http:\\/\\/profile.ak.fbcdn.net\\/hprofile-ak-snc4\\/158061_8103318119_643725192_s.jpg\"},\"225548\":{\"name\":\"Converse\",\"url\":\"converse\",\"img\":\"http:\\/\\/profile.ak.fbcdn.net\\/hprofile-ak-snc4\\/41610_23402039579_699603796_s.jpg\"},\"228680\":{\"name\":\"Disney\",\"url\":\"disney\",\"img\":\"http:\\/\\/profile.ak.fbcdn.net\\/hprofile-ak-snc4\\/373024_11784025953_916829690_s.jpg\"},\"669460\":{\"name\":\"Sprite\",\"url\":\"sprite\",\"img\":\"http:\\/\\/profile.ak.fbcdn.net\\/hprofile-ak-snc4\\/592112_66681829158_66841253_s.jpg\"},\"213970\":{\"name\":\"Intel\",\"url\":\"intel\",\"img\":\"http:\\/\\/profile.ak.fbcdn.net\\/hprofile-ak-snc4\\/372907_22707976849_1140244138_s.jpg\"},\"582281\":{\"name\":\"Walmart\",\"url\":\"walmart\",\"img\":\"http:\\/\\/profile.ak.fbcdn.net\\/hprofile-ak-snc4\\/188098_159616034235_1316291293_s.jpg\"},\"223061\":{\"name\":\"Eminem\",\"url\":\"eminem\",\"img\":\"http:\\/\\/profile.ak.fbcdn.net\\/hprofile-ak-snc4\\/27537_45309870078_2551_s.jpg\"},\"39159\":{\"name\":\"Staropramen\",\"url\":\"staropramen\",\"img\":\"http:\\/\\/profile.ak.fbcdn.net\\/hprofile-ak-snc4\\/373012_109806192369339_2059717882_s.jpg\"},\"596689\":{\"name\":\"Groupon\",\"url\":\"groupon\",\"img\":\"http:\\/\\/profile.ak.fbcdn.net\\/hprofile-ak-snc4\\/373028_60004615820_7493402_s.jpg\"},\"224074\":{\"name\":\"McDonald\'s\",\"url\":\"mcdonalds\",\"img\":\"http:\\/\\/profile.ak.fbcdn.net\\/hprofile-ak-snc4\\/41612_50245567013_1160724966_s.jpg\"},\"1431432\":{\"name\":\"Danette\",\"url\":\"danette.france\",\"img\":\"http:\\/\\/profile.ak.fbcdn.net\\/hprofile-ak-ash2\\/373041_280142461463_589492779_s.jpg\"},\"251773\":{\"name\":\"London 2012\",\"url\":\"london2012\",\"img\":\"http:\\/\\/profile.ak.fbcdn.net\\/hprofile-ak-snc4\\/41804_259479457407_844656323_s.jpg\"},\"232566\":{\"name\":\"Inna\",\"url\":\"inna\",\"img\":\"http:\\/\\/profile.ak.fbcdn.net\\/hprofile-ak-snc4\\/276761_302056140380_1950943926_s.jpg\"},\"418586\":{\"name\":\"Michael Phelps\",\"url\":\"michaelphelps\",\"img\":\"https:\\/\\/fbcdn-profile-a.akamaihd.net\\/hprofile-ak-snc4\\/174701_8938856246_709479965_s.jpg\"},\"2109411\":{\"name\":\"Trident\\u00ae Chewing Gum\",\"url\":\"tridentgum\",\"img\":\"http:\\/\\/profile.ak.fbcdn.net\\/hprofile-ak-snc4\\/71111_86917794412_4503285_s.jpg\"},\"237444\":{\"name\":\"KLM\",\"url\":\"klm\",\"img\":\"http:\\/\\/profile.ak.fbcdn.net\\/hprofile-ak-snc4\\/592291_273795515772_563360302_s.jpg\"},\"847547\":{\"name\":\"NBC News\",\"url\":\"NBCNews\",\"img\":\"https:\\/\\/fbcdn-profile-a.akamaihd.net\\/hprofile-ak-snc4\\/372784_155869377766434_339955381_s.jpg\"},\"211934\":{\"name\":\"Yedwik.com\",\"url\":\"yedwik\",\"img\":\"https:\\/\\/fbcdn-profile-a.akamaihd.net\\/hprofile-ak-ash2\\/41781_103042063090518_9371_s.jpg\"},\"212449\":{\"name\":\"Socialbakers.com\",\"url\":\"socialbakers\",\"img\":\"https:\\/\\/fbcdn-profile-a.akamaihd.net\\/hprofile-ak-ash2\\/162093_164929129743_947066680_s.jpg\"},\"211936\":{\"name\":\"Zoomsphere\",\"url\":\"zoomsphere\",\"img\":\"https:\\/\\/fbcdn-profile-a.akamaihd.net\\/hprofile-ak-snc4\\/373633_216991061646631_1439956799_s.jpg\"},\"12\":{\"name\":\"Vodafone CZ\",\"url\":\"vodafonecz\",\"img\":\"https:\\/\\/fbcdn-profile-a.akamaihd.net\\/hprofile-ak-snc4\\/161989_176688316811_1322318504_s.jpg\"},\"580476\":{\"name\":\"Salesforce Radian6\",\"url\":\"radian6\",\"img\":\"https:\\/\\/fbcdn-profile-a.akamaihd.net\\/hprofile-ak-snc4\\/373051_50887223410_513600469_s.jpg\"},\"185\":{\"name\":\"iDNES.cz\",\"url\":\"idnes.cz\",\"img\":\"https:\\/\\/fbcdn-profile-a.akamaihd.net\\/hprofile-ak-ash2\\/373025_100683176313_1701623212_s.jpg\"},\"641087\":{\"name\":\"Dove\",\"url\":\"dove\",\"img\":\"https:\\/\\/fbcdn-profile-a.akamaihd.net\\/hprofile-ak-snc4\\/592182_21435141328_1477864656_s.jpg\"},\"11438473\":{\"name\":\"Support for George Zimmerman\",\"url\":\"support-for-george-zimmerman\",\"img\":\"https:\\/\\/fbcdn-profile-a.akamaihd.net\\/hprofile-ak-snc4\\/41803_246270355468545_48731415_s.jpg\"}},\"apps\":{\"59\":{\"name\":\"mySocial Wishlist\",\"url\":\"mySocial-Wishlist\",\"img\":\"275534731828_ps.gif\"}},\"brands\":{\"229564\":{\"name\":\"Mercedes-Benz\",\"url\":\"MercedesBenz\",\"img\":\"http:\\/\\/profile.ak.fbcdn.net\\/hprofile-ak-snc4\\/276820_6604386669_4457932_s.jpg\"}},\"companies\":{\"987462\":{\"name\":\"Cadbury Creme Egg\",\"url\":\"cadburycremeegg\",\"img\":\"http:\\/\\/profile.ak.fbcdn.net\\/hprofile-ak-ash2\\/373034_42941780078_60591536_s.jpg\"},\"1100057\":{\"name\":\"Cadbury Wispa\",\"url\":\"wispa\",\"img\":\"http:\\/\\/profile.ak.fbcdn.net\\/hprofile-ak-snc4\\/157917_31260348110_757642999_s.jpg\"}}}},\"youtube\":{\"all\":{\"videos\":{\"58067\":{\"name\":\"T-Mobile: Volej zdarma\",\"url\":\"3psTcp1FWlI\",\"img\":\"http:\\/\\/i.ytimg.com\\/vi\\/3psTcp1FWlI\\/default.jpg\"},\"58174\":{\"name\":\"T-Mobile telefony: Vzestup a p\\u00e1d Kuby Koh\\u00e1ka\",\"url\":\"MyOhf5sj-vE\",\"img\":\"http:\\/\\/i.ytimg.com\\/vi\\/MyOhf5sj-vE\\/default.jpg\"},\"58995\":{\"name\":\"Ruda z Ostravy - V\\u016eN\\u011a RUDY !!!\",\"url\":\"WpmHZopiAyg\",\"img\":\"http:\\/\\/i.ytimg.com\\/vi\\/WpmHZopiAyg\\/default.jpg\"},\"58681\":{\"name\":\"T-Mobile: Nafouknut\\u00fd internet\",\"url\":\"aBXdPP9tRvQ\",\"img\":\"http:\\/\\/i.ytimg.com\\/vi\\/aBXdPP9tRvQ\\/default.jpg\"},\"59583\":{\"name\":\"T-Mobile: Dudlajd\\u00e1\",\"url\":\"Ts07EqN0kAk\",\"img\":\"http:\\/\\/i.ytimg.com\\/vi\\/Ts07EqN0kAk\\/default.jpg\"}},\"pages\":{\"78\":{\"name\":\"T-Mobile Czech Republic a.s.\",\"url\":\"tmobilecz\",\"img\":\"http:\\/\\/i2.ytimg.com\\/i\\/eIO0l62Gn2s58mJOa_nxZA\\/1.jpg?v=97ba4e\"},\"84\":{\"name\":\"Vodafone CZ\",\"url\":\"vodafoneczech\",\"img\":\"http:\\/\\/i3.ytimg.com\\/i\\/BKn76mFvpI3P3n4-XVA1Jw\\/1.jpg?v=b6a188\"},\"109\":{\"name\":\"Ruda_z_Ostravy\",\"url\":\"pravyRUDAzOSTRAVY\",\"img\":\"http:\\/\\/i2.ytimg.com\\/i\\/ePkxFqzWMAe7uTCISg2tPg\\/1.jpg?v=a159d8\"},\"150\":{\"name\":\"Show Jana Krause\",\"url\":\"SJKshow\",\"img\":\"http:\\/\\/i4.ytimg.com\\/i\\/_6OViYQgyhsXaPoT99VDaA\\/1.jpg?v=b9d17a\"},\"49\":{\"name\":\"MobilMania.cz\",\"url\":\"MobilManiaCZ\",\"img\":\"http:\\/\\/i2.ytimg.com\\/i\\/EZrvIAg8gvB1Ur5gx6-Zwg\\/1.jpg?v=88633f\"}},\"channels\":{\"17601\":{\"name\":\"mashable\",\"url\":\"mashable\",\"img\":\"http:\\/\\/i1.ytimg.com\\/i\\/L8Nxsa1LB9DrMTHtt3IKiw\\/1.jpg?v=8bc238\"},\"17604\":{\"name\":\"techcrunch\",\"url\":\"techcrunch\",\"img\":\"http:\\/\\/i4.ytimg.com\\/i\\/Cjyq_K1Xwfg8Lndy7lKMpA\\/1.jpg?v=e0f137\"},\"296\":{\"name\":\"Red Bull\",\"url\":\"redbull\",\"img\":\"http:\\/\\/i3.ytimg.com\\/i\\/blfuW_4rakIf2h6aqANefA\\/1.jpg?v=4ee2557b\"}}}},\"googleplus\":{\"all\":{\"pages\":{\"1\":{\"name\":\"\\u017div\\u011b.cz\",\"url\":\"zive-cz\",\"img\":\"\\/\\/lh6.googleusercontent.com\\/-pyrdv01utiE\\/AAAAAAAAAAI\\/AAAAAAAAACw\\/QW7j93KmiXI\\/photo.jpg\"},\"8\":{\"name\":\"SvetAndroida.cz\",\"url\":\"svetandroida-cz\",\"img\":\"\\/\\/lh6.googleusercontent.com\\/-yawxVp9FbYw\\/AAAAAAAAAAI\\/AAAAAAAAACw\\/77AHwZYEHr0\\/photo.jpg\"},\"15\":{\"name\":\"Lupa.cz\",\"url\":\"lupa-cz\",\"img\":\"\\/\\/lh5.googleusercontent.com\\/-Ij_O-HJzx1M\\/AAAAAAAAAAI\\/AAAAAAAAABk\\/ViRMiQmHweE\\/photo.jpg\"},\"1921\":{\"name\":\"POOH.CZ\",\"url\":\"pooh-cz\",\"img\":\"\\/\\/lh3.googleusercontent.com\\/-cb4DxsAEUIo\\/AAAAAAAAAAI\\/AAAAAAAAACQ\\/aCPybO0YQlg\\/photo.jpg\"},\"6\":{\"name\":\"H1.cz\",\"url\":\"h1-cz\",\"img\":\"\\/\\/lh5.googleusercontent.com\\/-MSDRQg-WRkY\\/AAAAAAAAAAI\\/AAAAAAAAAFM\\/-__mdoWRdTM\\/photo.jpg\"},\"17\":{\"name\":\"JustIT.cz\",\"url\":\"justit-cz\",\"img\":\"\\/\\/lh6.googleusercontent.com\\/-UNd1gAuxCG0\\/AAAAAAAAAAI\\/AAAAAAAAABo\\/AjpozaGtWS8\\/photo.jpg\"},\"1544\":{\"name\":\"Socialbakers.com\",\"url\":\"socialbakers-com\",\"img\":\"\\/\\/lh6.googleusercontent.com\\/-yUUAq4YIiNA\\/AAAAAAAAAAI\\/AAAAAAAAAA8\\/MsN6aS_OSws\\/photo.jpg\"},\"44\":{\"name\":\"Tyinternety\",\"url\":\"tyinternety\",\"img\":\"\\/\\/lh5.googleusercontent.com\\/-xsKJinTgNzg\\/AAAAAAAAAAI\\/AAAAAAAAAMw\\/er3D2s7vb1o\\/photo.jpg\"},\"1545\":{\"name\":\"inmite\",\"url\":\"inmite\",\"img\":\"\\/\\/lh3.googleusercontent.com\\/-j6gLeXJDfBg\\/AAAAAAAAAAI\\/AAAAAAAAADY\\/rvfrL8y23QA\\/photo.jpg\"},\"73\":{\"name\":\"tabletmania.cz\",\"url\":\"tabletmania-cz\",\"img\":\"\\/\\/lh6.googleusercontent.com\\/-pL42uKFlyqs\\/AAAAAAAAAAI\\/AAAAAAAAADI\\/67qQZnbI-hI\\/photo.jpg\"},\"13\":{\"name\":\"iStyle CZ\",\"url\":\"istyle-cz\",\"img\":\"\\/\\/lh3.googleusercontent.com\\/-iVSqpebLuW8\\/AAAAAAAAAAI\\/AAAAAAAAAB0\\/b-xbLDJQmjU\\/photo.jpg\"},\"1987\":{\"name\":\"\\u010cesk\\u00e1 spo\\u0159itelna, a.s.\",\"url\":\"ceska-sporitelna-a-s\",\"img\":\"\\/\\/lh5.googleusercontent.com\\/-x1rb8O4OIFY\\/AAAAAAAAAAI\\/AAAAAAAAABA\\/u59Vpdb2i8U\\/photo.jpg\"},\"1620\":{\"name\":\"Restaurant u0026 Club SaSaZu\",\"url\":\"restaurant-u0026-club-sasazu\",\"img\":\"\\/\\/lh4.googleusercontent.com\\/-EDlpBmkqWP8\\/AAAAAAAAAAI\\/AAAAAAAAACk\\/UjD5Y3wM9-c\\/photo.jpg\"},\"2564\":{\"name\":\"mBank_CZ\",\"url\":\"mbank-cz\",\"img\":\"\\/\\/lh3.googleusercontent.com\\/-oZOAzre_His\\/AAAAAAAAAAI\\/AAAAAAAAAJA\\/ZLGx_ON4Ly8\\/photo.jpg\"},\"193\":{\"name\":\"T-Mobile CZ\",\"url\":\"t-mobile-cz\",\"img\":\"\\/\\/lh3.googleusercontent.com\\/-nLkww1ljD4s\\/AAAAAAAAAAI\\/AAAAAAAAAL8\\/uSIs9V4XE9w\\/photo.jpg\"},\"94\":{\"name\":\"Pivovar Svijany\",\"url\":\"pivovar-svijany\",\"img\":\"\\/\\/lh4.googleusercontent.com\\/-nJq9aUFKTu4\\/AAAAAAAAAAI\\/AAAAAAAAAB0\\/OVj9j51sBCI\\/photo.jpg\"},\"120\":{\"name\":\"SK Slavia Praha\",\"url\":\"sk-slavia-praha\",\"img\":\"\\/\\/lh3.googleusercontent.com\\/-qO69chrcOvU\\/AAAAAAAAAAI\\/AAAAAAAAAA8\\/wSqXMGIKWjI\\/photo.jpg\"},\"211\":{\"name\":\"Games.cz\",\"url\":\"games-cz\",\"img\":\"\\/\\/lh4.googleusercontent.com\\/-6a2ksjj8gH8\\/AAAAAAAAAAI\\/AAAAAAAAABE\\/zfGz0IrnCJc\\/photo.jpg\"},\"256\":{\"name\":\"Toshiba CZ SK\",\"url\":\"toshiba-cz-sk\",\"img\":\"\\/\\/lh3.googleusercontent.com\\/-eQ2Gkbo-_5o\\/AAAAAAAAAAI\\/AAAAAAAAABk\\/LhRc6jUKIr4\\/photo.jpg\"},\"232693\":{\"name\":\"ZoomSphere\",\"url\":\"zoomsphere\",\"img\":\"\\/\\/lh3.googleusercontent.com\\/-0_fNVzDgprw\\/AAAAAAAAAAI\\/AAAAAAAAABA\\/W958gjZCIl8\\/photo.jpg\"},\"10054\":{\"name\":\"Starbucks Coffee\",\"url\":\"starbucks-coffee\",\"img\":\"\\/\\/lh4.googleusercontent.com\\/-IpBltZ2knJs\\/AAAAAAAAAAI\\/AAAAAAAAADk\\/IW0hV3cAU2s\\/photo.jpg\"},\"189\":{\"name\":\"Cadbury SvS\",\"url\":\"cadbury-svs\",\"img\":\"\\/\\/lh4.googleusercontent.com\\/-7mH2Nglm6s4\\/AAAAAAAAAAI\\/AAAAAAAAAdY\\/S8XkIsl9H_4\\/photo.jpg\"},\"21\":{\"name\":\"ZAGAT\",\"url\":\"zagat\",\"img\":\"\\/\\/lh5.googleusercontent.com\\/-PYfYNfHyDAc\\/AAAAAAAAAAI\\/AAAAAAAABgE\\/9ibcaje9IAg\\/photo.jpg\"},\"1816\":{\"name\":\"WIRED\",\"url\":\"wired\",\"img\":\"\\/\\/lh5.googleusercontent.com\\/-o-paLwGziS0\\/AAAAAAAAAAI\\/AAAAAAAAABw\\/FmwcbijhY0k\\/photo.jpg\"},\"61\":{\"name\":\"Engadget\",\"url\":\"engadget\",\"img\":\"\\/\\/lh4.googleusercontent.com\\/-Lw5iOOjxJgg\\/AAAAAAAAAAI\\/AAAAAAAAADA\\/crmvLuVmzD0\\/photo.jpg\"},\"272\":{\"name\":\"The Wall Street Journal\",\"url\":\"the-wall-street-journal\",\"img\":\"\\/\\/lh6.googleusercontent.com\\/-sH3JAVQUyJw\\/AAAAAAAAAAI\\/AAAAAAAAAGg\\/jvAYIBvTdw8\\/photo.jpg\"},\"141\":{\"name\":\"The Huffington Post\",\"url\":\"the-huffington-post\",\"img\":\"\\/\\/lh4.googleusercontent.com\\/-UF4a4tGTnks\\/AAAAAAAAAAI\\/AAAAAAAAACA\\/ICBL2rBo7-Q\\/photo.jpg\"},\"50372\":{\"name\":\"Playboy\",\"url\":\"playboy\",\"img\":\"\\/\\/lh5.googleusercontent.com\\/-pU32UyPQ4zk\\/AAAAAAAAAAI\\/AAAAAAAAABU\\/lib49IRldzo\\/photo.jpg\"},\"397807\":{\"name\":\"Gatas do Google+\",\"url\":\"gatas-do-google\",\"img\":\"\\/\\/lh3.googleusercontent.com\\/-XWaTYaj2IH0\\/AAAAAAAAAAI\\/AAAAAAAABQE\\/Pw-Cpb3FQ-o\\/photo.jpg\"},\"428492\":{\"name\":\"Sexy Women\",\"url\":\"sexy-women\",\"img\":\"\\/\\/lh4.googleusercontent.com\\/-1FNKCc7nMv8\\/AAAAAAAAAAI\\/AAAAAAAAABQ\\/DKyHByOBdAk\\/photo.jpg\"},\"135\":{\"name\":\"Burberry\",\"url\":\"burberry\",\"img\":\"\\/\\/lh6.googleusercontent.com\\/-fQuEp3D9UnE\\/AAAAAAAAAAI\\/AAAAAAAAAYQ\\/oM1JjVWjuMs\\/photo.jpg\"},\"253\":{\"name\":\"Samsung USA\",\"url\":\"samsung-usa\",\"img\":\"\\/\\/lh5.googleusercontent.com\\/-3v4pSsucLpY\\/AAAAAAAAAAI\\/AAAAAAAAAHM\\/X1ge7rSrDRo\\/photo.jpg\"},\"2829\":{\"name\":\"CircleCount\",\"url\":\"circlecount\",\"img\":\"\\/\\/lh6.googleusercontent.com\\/-jxvg_vF-OgQ\\/AAAAAAAAAAI\\/AAAAAAAAAJ4\\/UxsCG4j2G3o\\/photo.jpg\"},\"42144\":{\"name\":\"KLM\",\"url\":\"klm\",\"img\":\"\\/\\/lh6.googleusercontent.com\\/-0PNvcbXkjhM\\/AAAAAAAAAAI\\/AAAAAAAAAW8\\/IJGinkwx0jI\\/photo.jpg\"}},\"profiles\":{\"14875\":{\"name\":\"Daniel Do\\u010dekal\",\"url\":\"daniel-do-ekal\",\"img\":\"\\/\\/lh5.googleusercontent.com\\/-BO0WdK3IB4Q\\/AAAAAAAAAAI\\/AAAAAAAANy4\\/7C61XwIZCjQ\\/photo.jpg\"},\"13312\":{\"name\":\"Patrick Zandl\",\"url\":\"patrick-zandl\",\"img\":\"\\/\\/lh4.googleusercontent.com\\/-R9OlLoO8LIo\\/AAAAAAAAAAI\\/AAAAAAAAE-8\\/eiZJs5SdMbM\\/photo.jpg\"}}}},\"linkedin\":{\"all\":{\"groups\":{\"484\":{\"name\":\"Marketingov\\u00e1 komunikace, \\u00fasp\\u011b\\u0161n\\u00e9 kampan\\u011b a Case Studies\",\"url\":\"marketingova-komunikace-uspesne-kampane-a-case-studies\",\"img\":\"http:\\/\\/media.linkedin.com\\/mpr\\/mpr\\/p\\/1\\/000\\/029\\/3b7\\/01352b2.png\"},\"490\":{\"name\":\"itkult\",\"url\":\"itkult\",\"img\":\"http:\\/\\/media.linkedin.com\\/mpr\\/mpr\\/p\\/3\\/000\\/017\\/05d\\/29164a7.png\"},\"236\":{\"name\":\"Web 2.0 Czech\",\"url\":\"web-2-0-czech\",\"img\":\"http:\\/\\/media.linkedin.com\\/mpr\\/mpr\\/p\\/3\\/000\\/000\\/019\\/2793fe3.gif\"}},\"companies\":{\"327\":{\"name\":\"Seznam.cz\",\"url\":\"seznam.cz\",\"img\":\"http:\\/\\/media.linkedin.com\\/mpr\\/mpr\\/p\\/1\\/000\\/016\\/104\\/37cf7af.png\"},\"122\":{\"name\":\"CzechInvest\",\"url\":\"czechinvest\",\"img\":\"http:\\/\\/media.linkedin.com\\/mpr\\/mpr\\/p\\/3\\/000\\/066\\/28c\\/0d94c6e.png\"},\"104\":{\"name\":\"T-Mobile Czech Republic a.s.\",\"url\":\"t-mobile-czech-republic-a.s.\",\"img\":\"http:\\/\\/static01.linkedin.com\\/scds\\/common\\/u\\/img\\/icon\\/icon_no_company_logo_80x48.png\"},\"214\":{\"name\":\"Telef\\u00f3nica O2 Czech Republic, a.s.\",\"url\":\"telefonica-o2-czech-republic-as\",\"img\":\"http:\\/\\/media.linkedin.com\\/mpr\\/mpr\\/p\\/2\\/000\\/039\\/3c6\\/0e82ee3.png\"},\"111\":{\"name\":\"Ceska sporitelna\",\"url\":\"ceska-sporitelna\",\"img\":\"http:\\/\\/media.linkedin.com\\/mpr\\/mpr\\/p\\/2\\/000\\/014\\/1d2\\/04d39e5.png\"},\"194722\":{\"name\":\"Google\",\"url\":\"google\",\"img\":\"http:\\/\\/media.linkedin.com\\/mpr\\/mpr\\/p\\/3\\/000\\/062\\/2ff\\/080cae8.png\"},\"194725\":{\"name\":\"Apple\",\"url\":\"apple\",\"img\":\"http:\\/\\/media.linkedin.com\\/mpr\\/mpr\\/p\\/2\\/000\\/082\\/2e6\\/39570d2.png\"}}}},\"pinterest\":{\"all\":{\"pages\":{\"189479\":{\"name\":\"Jakub Mach\",\"url\":\"jakubmach\",\"img\":\"http:\\/\\/media-cdn.pinterest.com\\/avatars\\/jakubmach-37_o.jpg\"},\"2638072\":{\"name\":\"Daniel Do\\u010dekal\",\"url\":\"medvidekpu\",\"img\":\"http:\\/\\/media-cdn.pinterest.com\\/avatars\\/medvidekpu-27_o.jpg\"},\"1\":{\"name\":\"TIME Magazine\",\"url\":\"time_magazine\",\"img\":\"http:\\/\\/media-cdn.pinterest.com\\/avatars\\/time_magazine-0_o.jpg\"},\"12122462\":{\"name\":\"Eric Lequien Esposti\",\"url\":\"eleqesp\",\"img\":\"http:\\/\\/media-cache6.pinterest.com\\/avatars\\/eleqesp-56_o.jpg\"},\"548\":{\"name\":\"Mashable\",\"url\":\"mashable\",\"img\":\"http:\\/\\/media-cache1.pinterest.com\\/avatars\\/mashable-44_o.jpg\"},\"6997\":{\"name\":\"Food Network\",\"url\":\"foodnetwork\",\"img\":\"http:\\/\\/media-cache3.pinterest.com\\/avatars\\/foodnetwork-68_o.jpg\"},\"12352838\":{\"name\":\"Barack Obama\",\"url\":\"barackobama\",\"img\":\"http:\\/\\/media-cache9.pinterest.com\\/avatars\\/barackobama-58_o.jpg\"},\"634\":{\"name\":\"Travel Channel\",\"url\":\"travelchannel\",\"img\":\"http:\\/\\/media-cache7.pinterest.com\\/avatars\\/travelchannel-65_o.jpg\"},\"506472\":{\"name\":\"Sephora\",\"url\":\"sephora\",\"img\":\"http:\\/\\/media-cache5.pinterest.com\\/avatars\\/sephora-45_o.jpg\"},\"19\":{\"name\":\"TODAY\",\"url\":\"todayshow\",\"img\":\"http:\\/\\/media-cache2.pinterest.com\\/avatars\\/todayshow-24_o.jpg\"},\"632627\":{\"name\":\"Oprah\",\"url\":\"oprah\",\"img\":\"http:\\/\\/media-cache6.pinterest.com\\/avatars\\/officialoprah-10_o.jpg\"},\"11289405\":{\"name\":\"Honey Buy\",\"url\":\"honeybuy\",\"img\":\"http:\\/\\/media-cache7.pinterest.com\\/avatars\\/honeybuy-66_o.jpg\"},\"226\":{\"name\":\"People magazine\",\"url\":\"people\",\"img\":\"http:\\/\\/media-cache1.pinterest.com\\/avatars\\/people-41_o.jpg\"},\"551\":{\"name\":\"The Wall Street Journal\",\"url\":\"wsj\",\"img\":\"http:\\/\\/media-cache7.pinterest.com\\/avatars\\/wsj-33_o.jpg\"},\"290\":{\"name\":\"LIFE.com\",\"url\":\"lifephoto\",\"img\":\"http:\\/\\/media-cache1.pinterest.com\\/avatars\\/lifephoto-29_o.jpg\"},\"7497379\":{\"name\":\"Starbucks Loves\",\"url\":\"starbucks\",\"img\":\"http:\\/\\/media-cache1.pinterest.com\\/avatars\\/starbucks-78_o.jpg\"},\"4233044\":{\"name\":\"Dunkin\' Donuts\",\"url\":\"dunkindonuts\",\"img\":\"http:\\/\\/media-cache3.pinterest.com\\/avatars\\/DunkinDonuts-94_o.jpg\"},\"13846402\":{\"name\":\"Liverpool FC\",\"url\":\"officiallfc\",\"img\":\"http:\\/\\/media-cache3.pinterest.com\\/avatars\\/officiallfc_1331975172_o.jpg\"},\"10861\":{\"name\":\"USA TODAY\",\"url\":\"usatoday\",\"img\":\"http:\\/\\/media-cache8.pinterest.com\\/avatars\\/usatoday_1327858596_o.jpg\"},\"863999\":{\"name\":\"Washington Post\",\"url\":\"washingtonpost\",\"img\":\"http:\\/\\/media-cache4.pinterest.com\\/avatars\\/washingtonpost_1332947008_o.jpg\"},\"5094087\":{\"name\":\"NPR News\",\"url\":\"nprpins\",\"img\":\"http:\\/\\/media-cache2.pinterest.com\\/avatars\\/nprpins_1328278938_o.jpg\"},\"376928\":{\"name\":\"The Guardian\",\"url\":\"theguardian\",\"img\":\"http:\\/\\/media-cache1.pinterest.com\\/avatars\\/theguardian-25_o.jpg\"},\"12157892\":{\"name\":\"Zaraguza Digital\",\"url\":\"zaraguza\",\"img\":\"http:\\/\\/media-cache7.pinterest.com\\/avatars\\/zaraguza-1_600.jpg\"},\"4131092\":{\"name\":\"Christian Radmilovitch\",\"url\":\"radmilove\",\"img\":\"http:\\/\\/graph.facebook.com\\/100001679239204\\/picture?type=large\"},\"631\":{\"name\":\"Joy Cho \\/ Oh Joy!\",\"url\":\"ohjoy\",\"img\":\"http:\\/\\/media-cache-ec6.pinterest.com\\/avatars\\/ohjoy-47_600.jpg\"}}}},\"pinterest-url\":{\"all\":{\"pages\":{\"348\":{\"name\":\"polyvore.com\",\"url\":\"polyvore.com\",\"img\":\"http:\\/\\/polyvore.com\\/favicon.ico\"},\"308\":{\"name\":\"bhg.com\",\"url\":\"bhg.com\",\"img\":\"http:\\/\\/bhg.com\\/\\/etc\\/designs\\/bhg\\/images\\/bhg.ico\"},\"665\":{\"name\":\"houzz.com\",\"url\":\"houzz.com\",\"img\":\"http:\\/\\/houzz.com\\/favicon.ico\"},\"350\":{\"name\":\"wanelo.com\",\"url\":\"wanelo.com\",\"img\":\"http:\\/\\/static.wanelo.com\\/resources\\/images\\/wanelo.ico\"}}}}},\"streams\":{\"tab\":{\"2\":{\"name\":\"Na\\u0161e ostatn\\u00ed projekty\"},\"3\":{\"name\":\"ZoomSphere\"}},\"my_fb_pages\":[{\"page_id\":103317353049288,\"type\":\"COMPANY\",\"name\":\"Coquee\",\"pic_square\":\"https:\\/\\/fbcdn-profile-a.akamaihd.net\\/hprofile-ak-ash2\\/27534_103317353049288_730_q.jpg\",\"pic_small\":\"https:\\/\\/fbcdn-profile-a.akamaihd.net\\/hprofile-ak-ash2\\/27534_103317353049288_730_t.jpg\"},{\"page_id\":120746904618141,\"type\":\"LOCAL BUSINESS\",\"name\":\"Kam dnes na ob\\u011bd?\",\"pic_square\":\"https:\\/\\/fbcdn-profile-a.akamaihd.net\\/hprofile-ak-snc4\\/27548_120746904618141_2557_q.jpg\",\"pic_small\":\"https:\\/\\/fbcdn-profile-a.akamaihd.net\\/hprofile-ak-snc4\\/27548_120746904618141_2557_t.jpg\"},{\"page_id\":209254692490499,\"type\":\"APPLIANCES\",\"name\":\"Kam dnes za sportem?\",\"pic_square\":\"https:\\/\\/fbcdn-profile-a.akamaihd.net\\/static-ak\\/rsrc.php\\/v1\\/y6\\/r\\/_xS7LcbxKS4.gif\",\"pic_small\":\"https:\\/\\/fbcdn-profile-a.akamaihd.net\\/static-ak\\/rsrc.php\\/v1\\/y5\\/r\\/npmTejrANDz.jpg\"},{\"page_id\":183365425092125,\"type\":\"APP\",\"name\":\"Kam dnes za sportem?\",\"pic_square\":\"https:\\/\\/fbcdn-profile-a.akamaihd.net\\/static-ak\\/rsrc.php\\/v1\\/y6\\/r\\/_xS7LcbxKS4.gif\",\"pic_small\":\"https:\\/\\/fbcdn-profile-a.akamaihd.net\\/static-ak\\/rsrc.php\\/v1\\/y5\\/r\\/npmTejrANDz.jpg\"},{\"page_id\":115878541779208,\"type\":\"LOCAL BUSINESS\",\"name\":\"Kurzy a \\u0161kolen\\u00ed\",\"pic_square\":\"https:\\/\\/fbcdn-profile-a.akamaihd.net\\/hprofile-ak-snc4\\/23304_115878541779208_6804_q.jpg\",\"pic_small\":\"https:\\/\\/fbcdn-profile-a.akamaihd.net\\/hprofile-ak-snc4\\/23304_115878541779208_6804_t.jpg\"},{\"page_id\":114119515293293,\"type\":\"LOCAL BUSINESS\",\"name\":\"Last minute dovolen\\u00e1\",\"pic_square\":\"https:\\/\\/fbcdn-profile-a.akamaihd.net\\/hprofile-ak-ash2\\/27550_114119515293293_2508_q.jpg\",\"pic_small\":\"https:\\/\\/fbcdn-profile-a.akamaihd.net\\/hprofile-ak-ash2\\/27550_114119515293293_2508_t.jpg\"},{\"page_id\":32553695078,\"type\":\"INTERNET\\/SOFTWARE\",\"name\":\"MicroMedia\",\"pic_square\":\"https:\\/\\/fbcdn-profile-a.akamaihd.net\\/hprofile-ak-snc4\\/50416_32553695078_6621561_q.jpg\",\"pic_small\":\"https:\\/\\/fbcdn-profile-a.akamaihd.net\\/hprofile-ak-snc4\\/50416_32553695078_6621561_t.jpg\"},{\"page_id\":243718350104,\"type\":\"COMPANY\",\"name\":\"Trenyrky.cz\",\"pic_square\":\"https:\\/\\/fbcdn-profile-a.akamaihd.net\\/hprofile-ak-snc4\\/71156_243718350104_2522582_q.jpg\",\"pic_small\":\"https:\\/\\/fbcdn-profile-a.akamaihd.net\\/hprofile-ak-snc4\\/71156_243718350104_2522582_t.jpg\"},{\"page_id\":126453381928,\"type\":\"LOCAL BUSINESS\",\"name\":\"Twoid\",\"pic_square\":\"https:\\/\\/fbcdn-profile-a.akamaihd.net\\/hprofile-ak-ash2\\/50284_126453381928_4189590_q.jpg\",\"pic_small\":\"https:\\/\\/fbcdn-profile-a.akamaihd.net\\/hprofile-ak-ash2\\/50284_126453381928_4189590_t.jpg\"},{\"page_id\":103042063090518,\"type\":\"WEBSITE\",\"name\":\"Yedwik.com\",\"pic_square\":\"https:\\/\\/fbcdn-profile-a.akamaihd.net\\/hprofile-ak-ash2\\/41781_103042063090518_9371_q.jpg\",\"pic_small\":\"https:\\/\\/fbcdn-profile-a.akamaihd.net\\/hprofile-ak-ash2\\/41781_103042063090518_9371_t.jpg\"},{\"page_id\":118232804872780,\"type\":\"LOCAL BUSINESS\",\"name\":\"Zam\\u011bstn\\u00e1n\\u00ed v IT\",\"pic_square\":\"https:\\/\\/fbcdn-profile-a.akamaihd.net\\/hprofile-ak-snc4\\/27537_118232804872780_5973_q.jpg\",\"pic_small\":\"https:\\/\\/fbcdn-profile-a.akamaihd.net\\/hprofile-ak-snc4\\/27537_118232804872780_5973_t.jpg\"},{\"page_id\":216991061646631,\"type\":\"WEBSITE\",\"name\":\"Zoomsphere\",\"pic_square\":\"https:\\/\\/fbcdn-profile-a.akamaihd.net\\/hprofile-ak-snc4\\/373633_216991061646631_1439956799_q.jpg\",\"pic_small\":\"https:\\/\\/fbcdn-profile-a.akamaihd.net\\/hprofile-ak-snc4\\/373633_216991061646631_1439956799_t.jpg\"}],\"last_read_my_fb_pages\":1335424400,\"last_read_my_twitter_profiles\":1321016087,\"boxes\":{\"2\":{\"1\":{\"page_id\":103317353049288,\"type\":\"COMPANY\",\"name\":\"Coquee\",\"pic_square\":\"http:\\/\\/profile.ak.fbcdn.net\\/hprofile-ak-ash2\\/27534_103317353049288_730_q.jpg\",\"pic_small\":\"http:\\/\\/profile.ak.fbcdn.net\\/hprofile-ak-ash2\\/27534_103317353049288_730_t.jpg\"},\"2\":{\"page_id\":126453381928,\"type\":\"LOCAL BUSINESS\",\"name\":\"Twoid\",\"pic_square\":\"http:\\/\\/profile.ak.fbcdn.net\\/hprofile-ak-ash2\\/50284_126453381928_4189590_q.jpg\",\"pic_small\":\"http:\\/\\/profile.ak.fbcdn.net\\/hprofile-ak-ash2\\/50284_126453381928_4189590_t.jpg\"},\"3\":{\"page_id\":32553695078,\"type\":\"INTERNET\\/SOFTWARE\",\"name\":\"MicroMedia\",\"pic_square\":\"http:\\/\\/profile.ak.fbcdn.net\\/hprofile-ak-snc4\\/50416_32553695078_6621561_q.jpg\",\"pic_small\":\"http:\\/\\/profile.ak.fbcdn.net\\/hprofile-ak-snc4\\/50416_32553695078_6621561_t.jpg\"},\"5\":{\"page_id\":275534731828,\"type\":\"APPLICATION\",\"name\":\"mySocial Wishlist\",\"pic_square\":\"http:\\/\\/profile.ak.fbcdn.net\\/static-ak\\/rsrc.php\\/v1\\/y6\\/r\\/_xS7LcbxKS4.gif\",\"pic_small\":\"http:\\/\\/profile.ak.fbcdn.net\\/static-ak\\/rsrc.php\\/v1\\/y5\\/r\\/npmTejrANDz.jpg\"}},\"3\":[{\"page_id\":216991061646631,\"type\":\"WEBSITE\",\"name\":\"Zoomsphere\",\"pic_square\":\"http:\\/\\/profile.ak.fbcdn.net\\/hprofile-ak-snc4\\/174869_216991061646631_2947892_q.jpg\",\"pic_small\":\"http:\\/\\/profile.ak.fbcdn.net\\/hprofile-ak-snc4\\/174869_216991061646631_2947892_t.jpg\"},{\"twitter_id\":\"322580841\",\"name\":\"ZoomSphere\",\"pic_square\":\"http:\\/\\/www.zoomsphere.com\\/files\\/userProfile\\/twitter_322580841.png\",\"access_token\":{\"oauth_token\":\"322580841-fYUuzPeIeaQYJ32MgU40Dzep8TPGSXhjXKhQC9jk\",\"oauth_token_secret\":\"eongk0XR2TFqkxMz0IdDyevte3EPqrFBUGDJAonbmM\"}},{\"twitter_id\":\"13405722\",\"name\":\"jakubmach\",\"pic_square\":\"http:\\/\\/www.zoomsphere.com\\/files\\/userProfile\\/twitter_13405722.png\",\"access_token\":{\"oauth_token\":\"13405722-Bq8b6KFcteXweJdMjMq8ttnpNNnnuVVnaiq7P8I69\",\"oauth_token_secret\":\"3krllzftXBVGourScChbu7KoMuHCDVhyVDWKxqoJAHM\"}},{\"page_id\":118232804872780,\"type\":\"LOCAL BUSINESS\",\"name\":\"Zam\\u011bstn\\u00e1n\\u00ed v IT\",\"pic_square\":\"http:\\/\\/profile.ak.fbcdn.net\\/hprofile-ak-snc4\\/27537_118232804872780_5973_q.jpg\",\"pic_small\":\"http:\\/\\/profile.ak.fbcdn.net\\/hprofile-ak-snc4\\/27537_118232804872780_5973_t.jpg\"}]},\"sortFbPageByName\":1338982452,\"slider_count\":[\"3\"],\"my_twitter_profiles\":[{\"twitter_id\":\"187855803\",\"name\":\"Yedwik\",\"pic_square\":\"http:\\/\\/www.zoomsphere.com\\/files\\/userProfile\\/twitter_187855803.png\",\"access_token\":{\"oauth_token\":\"187855803-lRlH3AmT49p9cvXHxXqpFzTGwI22JJFTCifRMT6g\",\"oauth_token_secret\":\"fRTA0yjhsPEFhEkFAdCkwT859UPJMKHLzszFG5Ag\"}},{\"twitter_id\":\"322580841\",\"name\":\"ZoomSphere\",\"pic_square\":\"http:\\/\\/www.zoomsphere.com\\/files\\/userProfile\\/twitter_322580841.png\",\"access_token\":{\"oauth_token\":\"322580841-LWCnNC9mn9FgHgrbDTqc4uHzmu3uyXAIGuY7my7I\",\"oauth_token_secret\":\"lhBXPBXbrLgXGjqxG7bHHblbMTGtpUZEtTJg60gkc\"}},{\"twitter_id\":\"13405722\",\"name\":\"jakubmach\",\"pic_square\":\"http:\\/\\/www.zoomsphere.com\\/files\\/userProfile\\/twitter_13405722.jpg\",\"access_token\":{\"oauth_token\":\"13405722-HqNHhqVD9nC9bsFpS7wUwpL4gdgZwNjLUaUEUzm5g\",\"oauth_token_secret\":\"kaJbq4uf1Fow8460YnR1flS8Hohe5szGCVgq1DvqUps\"}},{\"twitter_id\":\"16448307\",\"name\":\"micromediacz\",\"pic_square\":\"http:\\/\\/www.zoomsphere.com\\/files\\/userProfile\\/twitter_16448307.png\",\"access_token\":{\"oauth_token\":\"16448307-WxxovlD0y1fiNvCErTZXi75GES4eJ3tdW5uyoMp5g\",\"oauth_token_secret\":\"GyOXlRpZTLkQW7O3xqes4957nGzNgPKmi3PTic7pKw\"}}]},\"contacts\":{\"profiles\":[\"322580841\",\"13405722\",\"16448307\",\"187855803\"],\"googleplusPages\":[\"104541544741131647112\",\"111699190199529057234\"],\"twitterProfiles\":[\"322580841\",\"16448307\",\"187855803\",\"1139373709\",\"1139345610\",\"1139350934\",\"1312252009\",\"1243353548\"],\"facebookProfiles\":[\"735432345\",\"100000684160013\"]},\"facebookPages\":[{\"id\":\"216991061646631\",\"account_id\":[\"735432345\"],\"name\":\"Zoomsphere\",\"image\":\"http:\\/\\/graph.facebook.com\\/216991061646631\\/picture\"},{\"id\":\"32553695078\",\"account_id\":[\"735432345\"],\"name\":\"MicroMedia\",\"image\":\"http:\\/\\/graph.facebook.com\\/32553695078\\/picture\"},{\"id\":\"103042063090518\",\"account_id\":[\"735432345\"],\"name\":\"Yedwik.com\",\"image\":\"http:\\/\\/graph.facebook.com\\/103042063090518\\/picture\"},{\"id\":\"120746904618141\",\"account_id\":[\"735432345\"],\"name\":\"Kam dnes na ob\\u011bd?\",\"image\":\"http:\\/\\/graph.facebook.com\\/120746904618141\\/picture\"},{\"id\":\"183365425092125\",\"account_id\":[\"735432345\"],\"name\":\"Kam dnes za sportem?\",\"image\":\"http:\\/\\/graph.facebook.com\\/183365425092125\\/picture\"},{\"id\":\"209254692490499\",\"account_id\":[\"735432345\"],\"name\":\"Kam dnes za sportem?\",\"image\":\"http:\\/\\/graph.facebook.com\\/209254692490499\\/picture\"},{\"id\":\"115878541779208\",\"account_id\":[\"735432345\"],\"name\":\"Kurzy a \\u0161kolen\\u00ed\",\"image\":\"http:\\/\\/graph.facebook.com\\/115878541779208\\/picture\"},{\"id\":\"114119515293293\",\"account_id\":[\"735432345\"],\"name\":\"Last minute dovolen\\u00e1\",\"image\":\"http:\\/\\/graph.facebook.com\\/114119515293293\\/picture\"},{\"id\":\"118232804872780\",\"account_id\":[\"735432345\"],\"name\":\"Zam\\u011bstn\\u00e1n\\u00ed v IT\",\"image\":\"http:\\/\\/graph.facebook.com\\/118232804872780\\/picture\"},{\"id\":\"126453381928\",\"account_id\":[\"735432345\"],\"name\":\"Twoid\",\"image\":\"http:\\/\\/graph.facebook.com\\/126453381928\\/picture\"},{\"id\":\"243718350104\",\"account_id\":[\"735432345\"],\"name\":\"Trenyrky.cz\",\"image\":\"http:\\/\\/graph.facebook.com\\/243718350104\\/picture\"},{\"id\":\"103317353049288\",\"account_id\":[\"735432345\"],\"name\":\"Coquee\",\"image\":\"http:\\/\\/graph.facebook.com\\/103317353049288\\/picture\"},{\"id\":\"144461962361499\",\"account_id\":[\"735432345\"],\"name\":\"Grafika za babku\",\"image\":\"http:\\/\\/graph.facebook.com\\/144461962361499\\/picture\"},{\"id\":\"176194579181975\",\"account_id\":[\"735432345\"],\"name\":\"Xxx\",\"image\":\"http:\\/\\/graph.facebook.com\\/176194579181975\\/picture\"},{\"id\":\"483662088344205\",\"account_id\":[\"735432345\"],\"name\":\"Rohl\\u00edk\",\"image\":\"http:\\/\\/graph.facebook.com\\/483662088344205\\/picture\"},{\"id\":\"493708924026733\",\"account_id\":[\"735432345\"],\"name\":\"M\\u00e1me dost arogance mobiln\\u00edch oper\\u00e1tor\\u016f\",\"image\":\"http:\\/\\/graph.facebook.com\\/493708924026733\\/picture\"},{\"id\":\"478040335592308\",\"account_id\":[\"100000684160013\"],\"name\":\"Volvo S40\",\"image\":\"http:\\/\\/graph.facebook.com\\/478040335592308\\/picture\"},{\"id\":\"595588303787593\",\"account_id\":[\"735432345\"],\"name\":\"Zoomsphere Brazil\",\"image\":\"http:\\/\\/graph.facebook.com\\/595588303787593\\/picture\"},{\"id\":\"181574965361538\",\"account_id\":[\"735432345\"],\"name\":\"Zoomsphere Czech Republic\",\"image\":\"http:\\/\\/graph.facebook.com\\/181574965361538\\/picture\"},{\"id\":\"752830501393853\",\"account_id\":[\"735432345\"],\"name\":\"Nechceme nov\\u00e9 logo pro \\u010ceskou L\\u00edpu\",\"image\":\"http:\\/\\/graph.facebook.com\\/752830501393853\\/picture\"},{\"id\":\"840409735989675\",\"account_id\":[\"735432345\"],\"name\":\"ZoomSphere T\\u00fcrkiye\",\"image\":\"http:\\/\\/graph.facebook.com\\/840409735989675\\/picture\"},{\"id\":\"720662508017112\",\"account_id\":[\"735432345\"],\"name\":\"ZoomSphere Hungary\",\"image\":\"http:\\/\\/graph.facebook.com\\/720662508017112\\/picture\"},{\"id\":\"1445319499097796\",\"account_id\":[\"735432345\"],\"name\":\"ZoomSphere Rom\\u00e2nia\",\"image\":\"http:\\/\\/graph.facebook.com\\/1445319499097796\\/picture\"},{\"id\":\"870422453035630\",\"account_id\":[\"735432345\"],\"name\":\"\\u010cesk\\u00e1 startup sc\\u00e9na\",\"image\":\"http:\\/\\/graph.facebook.com\\/870422453035630\\/picture\"},{\"id\":\"522826234537046\",\"account_id\":[\"1261760712\"],\"name\":\"Nasaskolka.sk - Mum\\u00e1\\u010dikovia\",\"image\":\"http:\\/\\/graph.facebook.com\\/522826234537046\\/picture\"},{\"id\":\"437160266473209\",\"account_id\":[\"735432345\"],\"name\":\"ZoomSphere Italia\",\"image\":\"http:\\/\\/graph.facebook.com\\/437160266473209\\/picture\"}],\"last_check_facebookPages\":1459243548,\"monitoring_last_id\":\"2611\",\"last_refresh_dashboard\":1383911391,\"last_read_facebook_pages_posts\":1371496236,\"ec_last_id\":{\"ec_bookmark_id\":\"108\",\"bookmark\":{\"89\":\"247\",\"98\":\"359\",\"108\":\"498\",\"110\":\"527\",\"111\":\"567\",\"115\":\"576\",\"117\":\"579\"}},\"ec_insights_last\":{\"679\":{\"metric\":\"page_posts\",\"profile\":\"181574965361538\"},\"0\":{\"679\":{\"metric\":\"followers\",\"profile\":\"181574965361538\"},\"1645\":{\"metric\":\"posts\",\"profile\":\"255901927851293\"},\"1765\":{\"metric\":\"followers\",\"profile\":\"116282456784\"}},\"43\":{\"1607\":{\"metric\":\"page_users_fans\",\"profile\":\"181574965361538\"}},\"18\":{\"1686\":{\"metric\":\"followers\",\"profile\":\"219839338136581\"},\"1769\":{\"metric\":\"followers\",\"profile\":\"132141523484024\"},\"2048\":{\"metric\":\"followers\",\"profile\":\"484331438335476\"},\"2551\":{\"metric\":\"followers\",\"profile\":\"710234179063682\"}},\"45\":{\"1696\":{\"metric\":\"page_posts\",\"profile\":\"181574965361538\"}},\"46\":{\"1705\":{\"metric\":\"page_posts\",\"profile\":\"181574965361538\"}},\"47\":{\"1720\":{\"metric\":\"page_posts\",\"profile\":\"181574965361538\"}},\"48\":{\"1750\":{\"metric\":\"page_engagement\",\"profile\":\"181574965361538\"}},\"66\":{\"1927\":{\"metric\":\"page_posts\",\"profile\":\"181574965361538\"}},\"70\":{\"1956\":{\"metric\":\"page_engagement\",\"profile\":\"181574965361538\"}},\"75\":{\"1994\":{\"metric\":\"page_posts\",\"profile\":\"181574965361538\"}},\"173\":{\"3019\":{\"metric\":\"page_posts\",\"profile\":\"181574965361538\"}},\"177\":{\"3031\":{\"metric\":\"page_posts\",\"profile\":\"181574965361538\"}}},\"workspace_name\":\"ZoomSphere\",\"workspace_id\":false}',	''),
(19,	'{\"streams\":{\"tab\":[{\"name\":\"Welcome\"}],\"last_read_my_twitter_profiles\":1324832957}}',	''),
(40,	'{\"facebookPages\":[{\"id\":\"181574965361538\",\"account_id\":[\"1505854083065998\"],\"name\":\"Zoomsphere Czech Republic\",\"image\":\"http:\\/\\/graph.facebook.com\\/181574965361538\\/picture\"}],\"last_check_facebookPages\":1459320529}',	NULL);

INSERT INTO `ec_module` (`id`, `user_id`, `name`, `label`, `date`, `module`, `settings`, `sort`, `workspace_id`) VALUES
(29213,	40,	'analytics',	'analytics',	'2016-02-17 15:01:03',	'analytics',	'{\"analytics\":{\"facebook\":{\"181574965361538\":{\"id\":\"181574965361538\",\"profile\":\"admin\",\"name\":\"Zoomsphere Czech Republic\",\"color\":\"\"}},\"twitter\":{\"322580841\":{\"id\":\"322580841\",\"profile\":\"admin\",\"name\":\"ZoomSphere\",\"color\":\"\"}},\"googleplus\":{\"104541544741131647112\":{\"id\":\"104541544741131647112\",\"profile\":\"admin\",\"name\":\"ZoomSphere\",\"color\":\"\"}}},\"background\":{\"color\":[\"#c46d32\",\"#ab5c26\"],\"image\":null,\"icon\":null}}',	0,	16),
(29729,	40,	'Snapchat Monitoring',	'Snapchat Monitoring',	'2016-02-26 01:40:16',	'socialinbox',	'{\"monitoring_id\":\"14595\",\"background\":{\"color\":[\"#9374ae\",\"#8869a3\"],\"image\":null,\"icon\":null}}',	0,	NULL),
(30747,	3,	'My the first analytics module',	'',	'2016-03-11 15:44:27',	'analytics',	'{\"analytics\":{\"facebook\":{\"216991061646631\":{\"id\":\"216991061646631\",\"profile\":\"admin\",\"name\":\"Zoomsphere\",\"color\":\"\"}}},\"background\":{\"color\":[\"#45b363\",\"#43a05b\"],\"image\":null,\"icon\":\"krown-icon-skills\"},\"user\":{\"3\":{\"graph\":{\"page_actions_post_reactions_total\":{\"row\":{\"Like\":\"0\"},\"type\":\"pie\"}}}}}',	0,	1633),
(31245,	3,	'Polish competitors - posts',	'Competitors Posts',	'2016-03-19 20:10:33',	'socialinbox',	'{\"socialinbox\":{\"facebook\":{\"184143251616084\":{\"id\":\"184143251616084\",\"img\":\"https:\\/\\/graph.facebook.com\\/184143251616084\\/picture\",\"name\":\"NapoleonCat.com\",\"profile\":\"public\"},\"104261756295081\":{\"id\":\"104261756295081\",\"img\":\"https:\\/\\/graph.facebook.com\\/104261756295081\\/picture\",\"name\":\"Brand24\",\"profile\":\"public\"},\"644825728914391\":{\"id\":\"644825728914391\",\"img\":\"https:\\/\\/graph.facebook.com\\/644825728914391\\/picture\",\"name\":\"Monitori\",\"profile\":\"public\"},\"219611188072222\":{\"id\":\"219611188072222\",\"img\":\"https:\\/\\/graph.facebook.com\\/219611188072222\\/picture\",\"name\":\"SentiOne\",\"profile\":\"public\"},\"163262457049094\":{\"id\":\"163262457049094\",\"img\":\"https:\\/\\/graph.facebook.com\\/163262457049094\\/picture\",\"name\":\"Sotrender\",\"profile\":\"public\"},\"243186949277\":{\"id\":\"243186949277\",\"img\":\"https:\\/\\/graph.facebook.com\\/243186949277\\/picture\",\"name\":\"NewsPoint\",\"profile\":\"public\"},\"367481570008371\":{\"id\":\"367481570008371\",\"img\":\"https:\\/\\/graph.facebook.com\\/367481570008371\\/picture\",\"name\":\"Instytut Monitorowania Medi\\u00f3w\",\"profile\":\"public\"},\"156198131185503\":{\"id\":\"156198131185503\",\"img\":\"https:\\/\\/graph.facebook.com\\/156198131185503\\/picture\",\"name\":\"Fokus - smarter analytics\",\"profile\":\"public\"},\"281709648670487\":{\"id\":\"281709648670487\",\"img\":\"https:\\/\\/graph.facebook.com\\/281709648670487\\/picture\",\"name\":\"5pillows\",\"profile\":\"public\"}},\"contents\":[\"admin\"],\"profile\":\"public\"},\"background\":{\"color\":[\"#9374ae\",\"#8869a3\"],\"image\":[\"http:\\/\\/www.zoomsphere.com\\/files\\/ec_module\\/f894b578f1055d5b3aaa922878bf514e9d2d8dcd.jpg\",\"http:\\/\\/www.zoomsphere.com\\/files\\/ec_module\\/bg_f894b578f1055d5b3aaa922878bf514e9d2d8dcd.jpg\"],\"icon\":null}}',	0,	NULL),
(31247,	3,	'Andrzej Duda',	'Andrzej Duda',	'2016-03-19 20:34:01',	'publisher',	'{\"monitoring_id\":14957,\"background\":{\"color\":[\"#c44732\",\"#ad3b28\"],\"image\":null,\"icon\":null}}',	0,	NULL),
(31287,	3,	'Marketing na webu',	'Marketing na webu',	'2016-03-21 08:13:30',	'rss',	'{\"monitoring_id\":14965,\"background\":{\"color\":[\"#1d7f5b\",\"#177150\"],\"image\":null,\"icon\":null}}',	0,	NULL),
(31289,	3,	'EET',	'EET',	'2016-03-21 08:33:06',	'comparisons',	'{\"monitoring_id\":14967,\"background\":{\"color\":[\"#9374ae\",\"#8869a3\"],\"image\":null,\"icon\":null}}',	0,	NULL),
(31291,	3,	'Čapí hnízdo',	'Čapí hnízdo',	'2016-03-21 08:34:27',	'socialinbox',	'{\"monitoring_id\":14969,\"background\":{\"color\":[\"#292f32\",\"#1d2123\"],\"image\":null,\"icon\":null}}',	0,	NULL),
(31293,11,'Module sharing test','Module sharing test','2016-03-21 08:13:30','rss','{\"monitoring_id\":14965,\"background\":{\"color\":[\"#1d7f5b\",\"#177150\"],\"icon\":\"\"}}',0,NULL);

INSERT INTO `email` (`id`, `name`, `user_id`, `imap_username`, `smtp_username`, `imap_password`, `smtp_password`, `imap_server`, `smtp_server`, `imap_port`, `smtp_port`, `imap_secure`, `smtp_secure`, `settings`) VALUES
(74,	'zoomspheretomas@gmail.com',	3,	'zoomspheretomas@gmail.com',	'zoomspheretomas@gmail.com',	'heslo123456',	'heslo123456',	'imap.gmail.com',	'smtp.gmail.com',	993,	465,	'ssl',	'ssl',	'{\"footer\":\"<p>\\r\\n\\t<strong> Zdravi Tomas<\\/strong>\\r\\n<\\/p>\\r\\n<p>\\r\\n\\t<img src=\\\"http:\\/\\/www.zoomsphere.com\\/files\\/streamUpload\\/c8b7400e189fb563f53c4a941a6870cb5dbf8d2b.jpg\\\" style=\\\"width: 110px;\\\">\\r\\n<\\/p>\"}'),
(45,	'zoomspheretomas@gmail.com',	19,	'zoomspheretomas@gmail.com',	'zoomspheretomas@gmail.com',	'heslo123456',	'heslo123456',	'imap.gmail.com',	'smtp.gmail.com',	993,	465,	'ssl',	'ssl',	'{\"footer\":\"<p>\\r\\n\\t<strong> Zdravi Tomas<\\/strong>\\r\\n<\\/p>\\r\\n<p>\\r\\n\\t<img src=\\\"http:\\/\\/www.zoomsphere.com\\/files\\/streamUpload\\/c8b7400e189fb563f53c4a941a6870cb5dbf8d2b.jpg\\\" style=\\\"width: 110px;\\\">\\r\\n<\\/p>\"}');

INSERT INTO `user_api_profile` (`id`, `user_id`, `api_id`, `created`, `name`, `image`) VALUES
(1,	3,	1,	'0000-00-00 00:00:00',	'Crowdsourcing',	'http://zoomsphere.com/img/O2_logo.png'),
(2,	8871,	1,	'0000-00-00 00:00:00',	'Crowdsourcing',	'http://zoomsphere.com/img/O2_logo.png'),
(3,	40,	-2,	'0000-00-00 00:00:00',	'FB aplikace',	'http://zoomsphere.com/css/images/FB_logo.png'),
(5,	1202569,	-2,	'0000-00-00 00:00:00',	'FB aplikace',	'http://zoomsphere.com/css/images/FB_logo.png');

INSERT INTO `share_ec_module` (`id`, `from_user_id`, `to_user_id`, `ec_module_id`, `sort`) VALUES
(1,11,13,31293,0),
(2,11,14,31293,0);

INSERT INTO `share_user` (`id`, `from_user_id`, `to_user_id`, `status`) VALUES
(1,11,12,'wait'),
(2,11,13,'wait'),
(3,11,14,'wait');

INSERT INTO `workspace` (`id`, `user_id`, `name`) VALUES
(613,	40,	'testovaci workspace');

INSERT INTO `crm_tag` (`id`, `user_id`, `name`, `master_account_id`) VALUES
(2,	40,	'druhy tag',	40),
(1,	40,	'prvni tag',	40);

INSERT INTO `user_tag` (`id`, `user_id`, `name`, `workspace_id`, `master_account_id`) VALUES
(2,	40,	'jiny tag',	613,	40),
(1,	40,	'testovaci tag',	NULL,	40);